"","sub","pu","ou","full_offset","perc_offset","value_alt_offset","bestfit","rr"
"1","1qs0vvu9krr584a",1,1,261.244073284975,259.946895602014,265.883084953565,"perc_offset",1
"2","1qs0vvu9krr584a",2,1,255.33985903621,239.3996627798,243.011893086027,"perc_offset",1
"3","1qs0vvu9krr584a",1,2,260.304887987782,239.242829922653,242.937302497882,"perc_offset",2
"4","1qs0vvu9krr584a",2,2,260.268252415795,239.891527197788,243.57454898627,"perc_offset",2
"5","1qs0vvu9krr584a",1,3,257.589650567867,239.153368447717,242.737677267564,"perc_offset",3
"6","1qs0vvu9krr584a",2,3,284.543861625267,275.99401511167,272.031256654383,"value_alt_offset",3
"7","1tq0jt4dd31u8lq",1,1,251.075353596769,254.016837253992,247.473652959664,"value_alt_offset",1
"8","1tq0jt4dd31u8lq",2,1,247.317894249267,247.081168319392,243.777652760126,"value_alt_offset",1
"9","1tq0jt4dd31u8lq",1,2,249.088199385262,278.531948888481,245.499900853553,"value_alt_offset",2
"10","1tq0jt4dd31u8lq",2,2,253.622846596464,272.667835641193,250.750080056695,"value_alt_offset",2
"11","1tq0jt4dd31u8lq",1,3,265.04777541874,298.668498874585,262.221489162164,"value_alt_offset",3
"12","1tq0jt4dd31u8lq",2,3,261.956808709864,313.510302443268,258.525784398771,"value_alt_offset",3
"13","22260uys7arz8j6",1,1,250.61045010718,298.828960849326,247.528405849011,"value_alt_offset",1
"14","22260uys7arz8j6",2,1,247.569444332548,266.049642272431,244.067480464599,"value_alt_offset",1
"15","22260uys7arz8j6",1,2,249.680160119524,313.970364216865,246.095547682859,"value_alt_offset",2
"16","22260uys7arz8j6",2,2,251.873566805477,258.891236799374,250.937424798187,"value_alt_offset",2
"17","22260uys7arz8j6",1,3,252.050721480276,311.109733684517,249.490205830979,"value_alt_offset",3
"18","22260uys7arz8j6",2,3,251.307461436028,263.475308706159,248.411448182489,"value_alt_offset",3
"19","2bqu5ktkg43fh3p",1,1,250.037141283284,245.499328238943,246.908962589356,"perc_offset",1
"20","2bqu5ktkg43fh3p",2,1,254.948278582503,266.403246884276,252.269062605531,"value_alt_offset",1
"21","2bqu5ktkg43fh3p",1,2,257.636185286285,251.133101770751,253.989423718317,"perc_offset",2
"22","2bqu5ktkg43fh3p",2,2,295.299172867898,314.817601455347,292.762766342604,"value_alt_offset",2
"23","2bqu5ktkg43fh3p",1,3,308.388715698462,321.962765430073,311.441796227675,"full_offset",3
"24","2bqu5ktkg43fh3p",2,3,284.336697367629,310.105504723143,285.27391604421,"full_offset",3
"25","2mzs709cn5dlwj2",1,1,246.564295472207,254.239319286365,243.019424686315,"value_alt_offset",1
"26","2mzs709cn5dlwj2",2,1,246.464960005273,250.352491111582,242.923969174708,"value_alt_offset",1
"27","2mzs709cn5dlwj2",1,2,246.988365044118,245.624151981977,243.747605708091,"value_alt_offset",2
"28","2mzs709cn5dlwj2",2,2,246.532933489077,245.75981394224,243.174930648502,"value_alt_offset",2
"29","2mzs709cn5dlwj2",1,3,246.678097533551,240.741163991731,243.186166058161,"perc_offset",3
"30","2mzs709cn5dlwj2",2,3,246.640245145489,240.670289157808,243.223321615962,"perc_offset",3
"31","2nzfnkk2uulwmkz",1,1,268.65397476359,272.338192027925,264.192556606704,"value_alt_offset",1
"32","2nzfnkk2uulwmkz",2,1,264.546523481834,271.649438040988,261.384108057041,"value_alt_offset",1
"33","2nzfnkk2uulwmkz",1,2,263.114816989832,275.570211340267,261.514140711126,"value_alt_offset",2
"34","2nzfnkk2uulwmkz",2,2,262.881499321525,265.10528572146,259.101120870317,"value_alt_offset",2
"35","2nzfnkk2uulwmkz",1,3,255.921498597427,272.176380610576,253.908844592301,"value_alt_offset",3
"36","2nzfnkk2uulwmkz",2,3,272.064171800145,286.775984314735,270.764624616426,"value_alt_offset",3
"37","2qu63bjtm9kxnnb",1,1,286.894340996098,310.747648057923,285.514082026415,"value_alt_offset",1
"38","2qu63bjtm9kxnnb",2,1,276.962846866397,298.035393102151,277.095343945843,"full_offset",1
"39","2qu63bjtm9kxnnb",1,2,281.298962976262,303.703131232845,277.70898227521,"value_alt_offset",2
"40","2qu63bjtm9kxnnb",2,2,275.64131279844,297.01612274604,273.202051288524,"value_alt_offset",2
"41","2qu63bjtm9kxnnb",1,3,275.5871101229,289.770023741066,273.90502015938,"value_alt_offset",3
"42","2qu63bjtm9kxnnb",2,3,255.692431108175,276.250396758328,253.084160243032,"value_alt_offset",3
"43","2usnf1r3h88bett",1,1,251.030556950035,273.712363303563,248.249737259592,"value_alt_offset",1
"44","2usnf1r3h88bett",2,1,257.965417524653,275.81010890359,255.016068639607,"value_alt_offset",1
"45","2usnf1r3h88bett",1,2,254.086704135177,350.691551466831,250.995391566229,"value_alt_offset",2
"46","2usnf1r3h88bett",2,2,249.998638778555,254.970110621449,246.645524239029,"value_alt_offset",2
"47","2usnf1r3h88bett",1,3,247.948011946805,254.97265269471,244.41824127106,"value_alt_offset",3
"48","2usnf1r3h88bett",2,3,249.586300745133,256.035926575631,246.170981774342,"value_alt_offset",3
"49","34aswcgc3uv5ln0",1,1,251.881968488438,259.990200687791,248.479947594583,"value_alt_offset",1
"50","34aswcgc3uv5ln0",2,1,255.057479926744,289.601472999556,251.565454315652,"value_alt_offset",1
"51","34aswcgc3uv5ln0",1,2,264.89545151383,274.648275123227,262.352132312678,"value_alt_offset",2
"52","34aswcgc3uv5ln0",2,2,249.439434742993,267.896698748492,245.94463614551,"value_alt_offset",2
"53","34aswcgc3uv5ln0",1,3,264.275609939748,294.666661902669,263.250580215142,"value_alt_offset",3
"54","34aswcgc3uv5ln0",2,3,262.706439579166,283.507005094205,262.020382970926,"value_alt_offset",3
"55","35q8u5ekgfaq26g",1,1,282.244059209856,278.920547515028,282.0884715296,"perc_offset",1
"56","35q8u5ekgfaq26g",2,1,272.676235921614,270.964301339218,270.770302601045,"value_alt_offset",1
"57","35q8u5ekgfaq26g",1,2,270.348018311295,267.848500064478,268.402400399312,"perc_offset",2
"58","35q8u5ekgfaq26g",2,2,286.822597377932,281.84991499043,281.30725456189,"value_alt_offset",2
"59","35q8u5ekgfaq26g",1,3,276.786029784827,279.656329298097,274.724768332464,"value_alt_offset",3
"60","35q8u5ekgfaq26g",2,3,275.330082459708,288.693611578791,275.999486993134,"full_offset",3
"61","3jrram86yd3uhgb",1,1,247.834176244928,248.629556962952,244.350830982995,"value_alt_offset",1
"62","3jrram86yd3uhgb",2,1,248.13619573876,255.925246131429,244.656342144448,"value_alt_offset",1
"63","3jrram86yd3uhgb",1,2,260.060317844607,273.640487183813,259.220127668081,"value_alt_offset",2
"64","3jrram86yd3uhgb",2,2,250.661537058493,256.317746463651,247.629361161419,"value_alt_offset",2
"65","3jrram86yd3uhgb",1,3,254.081889765455,285.330648537294,250.881891926849,"value_alt_offset",3
"66","3jrram86yd3uhgb",2,3,260.754064159633,302.827311218195,258.349852125656,"value_alt_offset",3
"67","3t9q259awsqqnjn",1,1,246.793589471037,263.6194269679,243.21235520781,"value_alt_offset",1
"68","3t9q259awsqqnjn",2,1,247.392356342077,263.337012302889,243.914856948551,"value_alt_offset",1
"69","3t9q259awsqqnjn",1,2,249.330857229642,310.66875241886,245.862174085204,"value_alt_offset",2
"70","3t9q259awsqqnjn",2,2,246.995235778462,255.853332363708,243.531473826231,"value_alt_offset",2
"71","3t9q259awsqqnjn",1,3,248.330735520742,268.077683895014,244.874136935989,"value_alt_offset",3
"72","3t9q259awsqqnjn",2,3,247.682700317891,250.512066534152,244.108613479922,"value_alt_offset",3
"73","4g3g9s2nj7eh7g9",1,1,249.405986846198,253.15505558503,246.25118857858,"value_alt_offset",1
"74","4g3g9s2nj7eh7g9",2,1,247.137208011132,243.210845762641,243.644755573653,"perc_offset",1
"75","4g3g9s2nj7eh7g9",1,2,247.363642711621,252.230061260178,243.844724642497,"value_alt_offset",2
"76","4g3g9s2nj7eh7g9",2,2,250.934682117999,280.989326005559,248.81697755104,"value_alt_offset",2
"77","4g3g9s2nj7eh7g9",1,3,255.862053911091,281.421094589364,252.306400065286,"value_alt_offset",3
"78","4g3g9s2nj7eh7g9",2,3,253.924066023592,316.081914105308,251.285152279602,"value_alt_offset",3
"79","4ns4fa2xqw95lgx",1,1,247.083714504171,254.538474919667,243.593060874537,"value_alt_offset",1
"80","4ns4fa2xqw95lgx",2,1,246.416382011395,241.031129166257,242.83820095815,"perc_offset",1
"81","4ns4fa2xqw95lgx",1,2,246.759415314022,241.936964914939,243.238711027575,"perc_offset",2
"82","4ns4fa2xqw95lgx",2,2,247.056570884025,252.028677689994,243.47240114081,"value_alt_offset",2
"83","4ns4fa2xqw95lgx",1,3,246.570759086461,243.488839906508,242.985329402853,"value_alt_offset",3
"84","4ns4fa2xqw95lgx",2,3,246.787036900788,247.792103196072,243.224874716725,"value_alt_offset",3
"85","4tcxev3874jk89a",1,1,254.060349531887,264.716937499998,251.252774774337,"value_alt_offset",1
"86","4tcxev3874jk89a",2,1,258.482974660223,281.152416196419,256.46993684785,"value_alt_offset",1
"87","4tcxev3874jk89a",1,2,257.259789466955,302.920442340233,255.428718266837,"value_alt_offset",2
"88","4tcxev3874jk89a",2,2,266.066329581335,290.831029063961,266.877748375173,"full_offset",2
"89","4tcxev3874jk89a",1,3,270.467659507041,323.750928413375,267.141630767473,"value_alt_offset",3
"90","4tcxev3874jk89a",2,3,273.418548510709,273.259760198069,271.220976506251,"value_alt_offset",3
"91","57znvber9kc1tnj",1,1,262.585187311829,286.334929558736,265.187694422517,"full_offset",1
"92","57znvber9kc1tnj",2,1,268.417876026986,307.614586212833,271.641535368827,"full_offset",1
"93","57znvber9kc1tnj",1,2,261.000576743516,293.407323577968,259.856286052456,"value_alt_offset",2
"94","57znvber9kc1tnj",2,2,281.332496460626,306.33450523283,279.480226291015,"value_alt_offset",2
"95","57znvber9kc1tnj",1,3,270.277880780674,281.116575604265,279.565031630716,"full_offset",3
"96","57znvber9kc1tnj",2,3,293.470908460746,320.893867852692,302.822136262973,"full_offset",3
"97","5cp1qjka53bl73q",1,1,298.509587393039,276.586849550311,299.562752019977,"perc_offset",1
"98","5cp1qjka53bl73q",2,1,246.742082756038,240.1733780114,243.281209279975,"perc_offset",1
"99","5cp1qjka53bl73q",1,2,252.976463034523,246.125690290505,249.319291478937,"perc_offset",2
"100","5cp1qjka53bl73q",2,2,325.558049425166,322.005202467438,321.887516350248,"value_alt_offset",2
"101","5cp1qjka53bl73q",1,3,274.866766261895,260.21418015768,271.617751616868,"perc_offset",3
"102","5cp1qjka53bl73q",2,3,324.449828049982,341.486511998513,326.505297514127,"full_offset",3
"103","5jwar0bvwr53h40",1,1,248.422345282136,251.489269349843,245.035602828546,"value_alt_offset",1
"104","5jwar0bvwr53h40",2,1,251.693715754869,288.414609257396,248.453658861875,"value_alt_offset",1
"105","5jwar0bvwr53h40",1,2,249.781719491498,258.075398168581,246.355700598061,"value_alt_offset",2
"106","5jwar0bvwr53h40",2,2,251.360024393728,265.799752552682,248.837583855183,"value_alt_offset",2
"107","5jwar0bvwr53h40",1,3,247.253287144827,244.817962507922,243.774145238146,"value_alt_offset",3
"108","5jwar0bvwr53h40",2,3,272.152249808305,294.310099272258,273.311048977405,"full_offset",3
"109","5o4n9abwu4u5bb5",1,1,248.60135811897,244.584700583125,245.496501682933,"perc_offset",1
"110","5o4n9abwu4u5bb5",2,1,250.010195198839,245.706265492336,247.185934204755,"perc_offset",1
"111","5o4n9abwu4u5bb5",1,2,265.981072332881,290.273794360865,266.530207953965,"full_offset",2
"112","5o4n9abwu4u5bb5",2,2,257.564447755666,256.210014228116,254.412942573828,"value_alt_offset",2
"113","5o4n9abwu4u5bb5",1,3,272.076152992549,279.826389028119,268.155993926212,"value_alt_offset",3
"114","5o4n9abwu4u5bb5",2,3,307.707118093271,323.150448895556,311.023312540414,"full_offset",3
"115","5pgqs0v0feqyejp",1,1,251.83704655016,283.094957915064,248.366803790431,"value_alt_offset",1
"116","5pgqs0v0feqyejp",2,1,256.941636423061,271.067900077075,255.615979385339,"value_alt_offset",1
"117","5pgqs0v0feqyejp",1,2,268.045327272602,305.733793724298,267.357634172486,"value_alt_offset",2
"118","5pgqs0v0feqyejp",2,2,256.849193854418,283.885484310894,253.753283134231,"value_alt_offset",2
"119","5pgqs0v0feqyejp",1,3,266.651200423494,304.04089105877,264.757040593474,"value_alt_offset",3
"120","5pgqs0v0feqyejp",2,3,285.12758218023,346.519384158034,282.543216229068,"value_alt_offset",3
"121","6be4c2orpqft8ul",1,1,358.897064220207,353.661319459975,360.941184140246,"perc_offset",1
"122","6be4c2orpqft8ul",2,1,253.148520195382,298.674310909635,250.991123345152,"value_alt_offset",1
"123","6be4c2orpqft8ul",1,2,249.751409134302,282.964109741772,246.657152280225,"value_alt_offset",2
"124","6be4c2orpqft8ul",2,2,264.245138050232,295.111217000844,264.471726756149,"full_offset",2
"125","6be4c2orpqft8ul",1,3,251.752737886822,295.095908277104,249.05107919906,"value_alt_offset",3
"126","6be4c2orpqft8ul",2,3,249.101794160587,309.192454573551,245.884910560884,"value_alt_offset",3
"127","6wyn194o3vd7jmv",1,1,247.655242369442,241.030163801631,244.043217232692,"perc_offset",1
"128","6wyn194o3vd7jmv",2,1,249.275552516315,243.698966751924,245.905333068613,"perc_offset",1
"129","6wyn194o3vd7jmv",1,2,253.872458699704,252.503102814459,252.018616727089,"value_alt_offset",2
"130","6wyn194o3vd7jmv",2,2,261.022136541959,267.2033483314,259.250019670748,"value_alt_offset",2
"131","6wyn194o3vd7jmv",1,3,279.936698082897,278.27927996689,279.090878556272,"perc_offset",3
"132","6wyn194o3vd7jmv",2,3,280.587090341679,298.444846472175,278.813507851282,"value_alt_offset",3
"133","70kcrqfjf2xhh4m",1,1,262.769735317894,319.683287251252,259.543663751294,"value_alt_offset",1
"134","70kcrqfjf2xhh4m",2,1,253.203018340849,300.117508922417,250.848672290251,"value_alt_offset",1
"135","70kcrqfjf2xhh4m",1,2,248.766581518009,285.818772604715,245.409287971018,"value_alt_offset",2
"136","70kcrqfjf2xhh4m",2,2,250.724609400448,318.920468223415,247.139596944274,"value_alt_offset",2
"137","70kcrqfjf2xhh4m",1,3,254.740892599238,316.283842039717,251.958856732535,"value_alt_offset",3
"138","70kcrqfjf2xhh4m",2,3,253.33413063336,290.985903568087,249.752989680348,"value_alt_offset",3
"139","7bwng7h1w9q6djl",1,1,273.267866666332,337.762679648043,270.746473117749,"value_alt_offset",1
"140","7bwng7h1w9q6djl",2,1,249.564426571584,273.252589336733,246.107468987802,"value_alt_offset",1
"141","7bwng7h1w9q6djl",1,2,250.269755467062,275.148331339883,247.224101604654,"value_alt_offset",2
"142","7bwng7h1w9q6djl",2,2,250.679900006634,277.312822142273,247.518425879912,"value_alt_offset",2
"143","7bwng7h1w9q6djl",1,3,252.075936540285,308.012086699373,249.34938059289,"value_alt_offset",3
"144","7bwng7h1w9q6djl",2,3,251.616719056576,307.232023902705,248.032968768937,"value_alt_offset",3
"145","7pjw0pz87exlgmd",1,1,257.578509872131,316.770909189473,254.261550930209,"value_alt_offset",1
"146","7pjw0pz87exlgmd",2,1,249.088518639443,287.920507706486,245.514907503155,"value_alt_offset",1
"147","7pjw0pz87exlgmd",1,2,248.45196300184,340.346683113937,244.868236140839,"value_alt_offset",2
"148","7pjw0pz87exlgmd",2,2,248.637767703849,275.428914159218,245.110895399187,"value_alt_offset",2
"149","7pjw0pz87exlgmd",1,3,250.22163222966,321.195492946792,247.024417616526,"value_alt_offset",3
"150","7pjw0pz87exlgmd",2,3,248.884194996477,266.117806994239,245.604344901601,"value_alt_offset",3
"151","85aq8xl8ayntz3l",1,1,269.081667157721,300.332044170507,266.661832466282,"value_alt_offset",1
"152","85aq8xl8ayntz3l",2,1,246.809615471764,257.883971788185,243.262210175158,"value_alt_offset",1
"153","85aq8xl8ayntz3l",1,2,248.684068995232,272.66425887762,245.42589361337,"value_alt_offset",2
"154","85aq8xl8ayntz3l",2,2,247.586712363047,252.19092278292,244.152206563414,"value_alt_offset",2
"155","85aq8xl8ayntz3l",1,3,246.838867152586,242.673269082639,243.33523869869,"perc_offset",3
"156","85aq8xl8ayntz3l",2,3,258.966790649793,264.795998663208,258.024768412131,"value_alt_offset",3
"157","8epzoljwn0gbtge",1,1,279.550754439901,303.081529234389,276.012707315823,"value_alt_offset",1
"158","8epzoljwn0gbtge",2,1,263.645393905935,300.962177314795,260.282129607497,"value_alt_offset",1
"159","8epzoljwn0gbtge",1,2,252.230917073372,320.11857125997,248.760004977857,"value_alt_offset",2
"160","8epzoljwn0gbtge",2,2,248.518134409759,256.827832172154,245.192308289298,"value_alt_offset",2
"161","8epzoljwn0gbtge",1,3,254.638467957618,304.881419797694,251.299078833475,"value_alt_offset",3
"162","8epzoljwn0gbtge",2,3,249.420466933318,257.394050007595,246.292616507859,"value_alt_offset",3
"163","8es63ovt8uw2mgg",1,1,296.952516693252,266.23255371816,294.889675140095,"perc_offset",1
"164","8es63ovt8uw2mgg",2,1,303.821587564831,289.793525542141,300.407137813905,"perc_offset",1
"165","8es63ovt8uw2mgg",1,2,250.444377493988,256.427329339894,246.910284697321,"value_alt_offset",2
"166","8es63ovt8uw2mgg",2,2,257.266884736501,281.863628759688,255.049819445752,"value_alt_offset",2
"167","8es63ovt8uw2mgg",1,3,266.135102550379,276.695588225671,262.503593861181,"value_alt_offset",3
"168","8es63ovt8uw2mgg",2,3,254.215957792568,290.541988168151,252.304822178013,"value_alt_offset",3
"169","8le0rzndxgpur8r",1,1,252.215824716819,265.388595086679,250.604767585496,"value_alt_offset",1
"170","8le0rzndxgpur8r",2,1,247.316339143238,254.16188111169,244.008430479783,"value_alt_offset",1
"171","8le0rzndxgpur8r",1,2,250.361345129138,267.88001234055,246.80153543838,"value_alt_offset",2
"172","8le0rzndxgpur8r",2,2,246.749712881149,257.974956524193,243.224182122338,"value_alt_offset",2
"173","8le0rzndxgpur8r",1,3,249.386996090935,277.154939899357,246.056187404436,"value_alt_offset",3
"174","8le0rzndxgpur8r",2,3,247.831002801419,243.019061024932,244.610385624879,"perc_offset",3
"175","96deaxjjts0yvax",1,1,246.469053369351,253.535218910254,242.923726435384,"value_alt_offset",1
"176","96deaxjjts0yvax",2,1,246.471751136661,255.701795571267,242.899025801275,"value_alt_offset",1
"177","96deaxjjts0yvax",1,2,246.933769379343,245.561272308361,243.679568746964,"value_alt_offset",2
"178","96deaxjjts0yvax",2,2,246.477860454361,252.948369565753,243.149784228743,"value_alt_offset",2
"179","96deaxjjts0yvax",1,3,246.58758093634,240.918290612208,243.123132891759,"perc_offset",3
"180","96deaxjjts0yvax",2,3,246.690239210741,241.053698367722,243.321839444693,"perc_offset",3
"181","9h1m4d4lp6ksfjt",1,1,262.080675983756,343.599803556832,259.124184697247,"value_alt_offset",1
"182","9h1m4d4lp6ksfjt",2,1,250.817879795571,295.392752298876,247.889878303285,"value_alt_offset",1
"183","9h1m4d4lp6ksfjt",1,2,249.919527370782,325.801550430043,246.555358403798,"value_alt_offset",2
"184","9h1m4d4lp6ksfjt",2,2,250.884291546454,301.086715023186,249.017443762753,"value_alt_offset",2
"185","9h1m4d4lp6ksfjt",1,3,249.966112568844,336.139733448233,246.405049260737,"value_alt_offset",3
"186","9h1m4d4lp6ksfjt",2,3,256.022175969586,349.813210460599,253.475861610123,"value_alt_offset",3
"187","9ho9tv1b4jdy3p6",1,1,247.757405236197,249.18682044673,244.323162581569,"value_alt_offset",1
"188","9ho9tv1b4jdy3p6",2,1,248.655483658468,280.778944794213,245.205622918534,"value_alt_offset",1
"189","9ho9tv1b4jdy3p6",1,2,248.142845666012,268.834821841339,244.774775863922,"value_alt_offset",2
"190","9ho9tv1b4jdy3p6",2,2,247.958146891213,254.486613324241,244.702524835011,"value_alt_offset",2
"191","9ho9tv1b4jdy3p6",1,3,256.914484262867,325.061668860738,255.369338497392,"value_alt_offset",3
"192","9ho9tv1b4jdy3p6",2,3,247.181659573692,246.560402471298,243.59915702424,"value_alt_offset",3
"193","9jfa3uck1pm1a27",1,1,247.706997848425,278.218123015314,244.120102969696,"value_alt_offset",1
"194","9jfa3uck1pm1a27",2,1,248.105088151268,270.361674604925,244.672901124259,"value_alt_offset",1
"195","9jfa3uck1pm1a27",1,2,252.28874763592,300.827571074834,248.839908351678,"value_alt_offset",2
"196","9jfa3uck1pm1a27",2,2,248.548068264749,258.17626231507,245.457928257629,"value_alt_offset",2
"197","9jfa3uck1pm1a27",1,3,247.549008506087,251.368849147035,243.965313029693,"value_alt_offset",3
"198","9jfa3uck1pm1a27",2,3,250.135652726152,267.276811844405,246.959892230081,"value_alt_offset",3
"199","9oe8onshjdy2khe",1,1,247.64701160672,243.320754111903,244.097544017599,"perc_offset",1
"200","9oe8onshjdy2khe",2,1,248.425240848524,249.606866765342,244.989647710886,"value_alt_offset",1
"201","9oe8onshjdy2khe",1,2,265.534247264496,276.835330394931,268.576597081862,"full_offset",2
"202","9oe8onshjdy2khe",2,2,249.186354160104,274.850571805123,246.714449712191,"value_alt_offset",2
"203","9oe8onshjdy2khe",1,3,256.177847526128,288.208360302057,255.007257697007,"value_alt_offset",3
"204","9oe8onshjdy2khe",2,3,261.708187041262,304.842473368241,259.387952546668,"value_alt_offset",3
"205","9p57f5mpldrqae2",1,1,261.280556047956,296.810381314726,258.483059697466,"value_alt_offset",1
"206","9p57f5mpldrqae2",2,1,249.331680617302,274.947217944484,245.755366860597,"value_alt_offset",1
"207","9p57f5mpldrqae2",1,2,249.173853257849,297.025467007043,246.077815600346,"value_alt_offset",2
"208","9p57f5mpldrqae2",2,2,248.837530543469,267.516025494761,245.600895058443,"value_alt_offset",2
"209","9p57f5mpldrqae2",1,3,280.478537892266,349.985748461226,283.368698659622,"full_offset",3
"210","9p57f5mpldrqae2",2,3,254.158970200178,258.309629588129,250.727617938441,"value_alt_offset",3
"211","a39zpu2zr3xl47k",1,1,246.329546757365,254.344063780762,242.762621914355,"value_alt_offset",1
"212","a39zpu2zr3xl47k",2,1,246.373308502312,252.640484036964,242.8157839675,"value_alt_offset",1
"213","a39zpu2zr3xl47k",1,2,246.393102112214,252.209439941818,242.853248705988,"value_alt_offset",2
"214","a39zpu2zr3xl47k",2,2,246.351410182016,239.542837183269,242.794071990553,"perc_offset",2
"215","a39zpu2zr3xl47k",1,3,246.389722814245,244.098162954372,242.867534852439,"value_alt_offset",3
"216","a39zpu2zr3xl47k",2,3,246.455671883032,246.70919341859,243.049979472829,"value_alt_offset",3
"217","ajztaxb5eyxtfch",1,1,254.936721943393,324.407329836282,251.352299038891,"value_alt_offset",1
"218","ajztaxb5eyxtfch",2,1,257.573498833244,310.188413959677,253.844245196561,"value_alt_offset",1
"219","ajztaxb5eyxtfch",1,2,252.226302328884,304.650473548303,248.784504379785,"value_alt_offset",2
"220","ajztaxb5eyxtfch",2,2,262.878278429334,282.779783095622,260.022837729196,"value_alt_offset",2
"221","ajztaxb5eyxtfch",1,3,252.798842674495,335.403922442654,250.08065670367,"value_alt_offset",3
"222","ajztaxb5eyxtfch",2,3,260.212933649613,286.029265985961,257.990886090693,"value_alt_offset",3
"223","as5hvtlqa9ouc2z",1,1,253.342443267266,322.344440766983,250.150002073572,"value_alt_offset",1
"224","as5hvtlqa9ouc2z",2,1,250.650796999956,309.559330940318,247.695042471321,"value_alt_offset",1
"225","as5hvtlqa9ouc2z",1,2,248.898221953033,270.031016786651,245.611541807924,"value_alt_offset",2
"226","as5hvtlqa9ouc2z",2,2,251.233834048156,283.118445434656,248.541552307503,"value_alt_offset",2
"227","as5hvtlqa9ouc2z",1,3,255.290842075997,315.239900759783,254.25585442109,"value_alt_offset",3
"228","as5hvtlqa9ouc2z",2,3,253.104055630855,286.202811241675,250.677216034183,"value_alt_offset",3
"229","au7m9jjmgy8d4gj",1,1,268.348697023945,260.695960920742,255.059889617652,"value_alt_offset",1
"230","au7m9jjmgy8d4gj",2,1,307.009191286912,324.964696824016,310.180852192008,"full_offset",1
"231","au7m9jjmgy8d4gj",1,2,270.926315732411,311.85254905043,271.046540346726,"full_offset",2
"232","au7m9jjmgy8d4gj",2,2,270.865509058777,289.903191706528,274.945633837406,"full_offset",2
"233","au7m9jjmgy8d4gj",1,3,280.271143236361,258.17152030767,260.196830576678,"perc_offset",3
"234","au7m9jjmgy8d4gj",2,3,325.880008318486,345.230863664548,329.519853805104,"full_offset",3
"235","b3jqszmpuje1kzj",1,1,246.896301459645,264.796552799287,243.351915379499,"value_alt_offset",1
"236","b3jqszmpuje1kzj",2,1,250.96633860621,268.925650413551,247.597370599808,"value_alt_offset",1
"237","b3jqszmpuje1kzj",1,2,247.980987846934,272.340514083912,244.552328216774,"value_alt_offset",2
"238","b3jqszmpuje1kzj",2,2,248.367841007049,270.639772949947,245.527903115963,"value_alt_offset",2
"239","b3jqszmpuje1kzj",1,3,248.520693657166,309.903594510232,244.936812515766,"value_alt_offset",3
"240","b3jqszmpuje1kzj",2,3,248.06749210911,250.799200647802,244.806360635382,"value_alt_offset",3
"241","bdov3ye1qvundbp",1,1,280.75205385307,372.650384710232,281.940727973148,"full_offset",1
"242","bdov3ye1qvundbp",2,1,266.412035654782,304.974327983631,265.376654439017,"value_alt_offset",1
"243","bdov3ye1qvundbp",1,2,261.474448870181,320.369043605454,258.584820882051,"value_alt_offset",2
"244","bdov3ye1qvundbp",2,2,274.988821071484,343.378164559726,275.745889562347,"full_offset",2
"245","bdov3ye1qvundbp",1,3,266.089228401545,348.787068014667,262.487189229698,"value_alt_offset",3
"246","bdov3ye1qvundbp",2,3,290.560236772802,377.290663306243,290.548513014814,"value_alt_offset",3
"247","brsvshywlogvxcq",1,1,251.832497101642,239.149224874197,248.8526490058,"perc_offset",1
"248","brsvshywlogvxcq",2,1,248.748769858926,248.181701783116,245.612980949296,"value_alt_offset",1
"249","brsvshywlogvxcq",1,2,263.676311807227,241.966882864447,245.369617872428,"perc_offset",2
"250","brsvshywlogvxcq",2,2,249.008082796894,246.529966401115,246.659419669576,"perc_offset",2
"251","brsvshywlogvxcq",1,3,271.439752709247,272.305645366358,265.302396634855,"value_alt_offset",3
"252","brsvshywlogvxcq",2,3,274.084884289114,283.71961262484,273.158752345783,"value_alt_offset",3
"253","bx1xq7e3jhb986v",1,1,251.386148983968,287.729960535429,248.021787062748,"value_alt_offset",1
"254","bx1xq7e3jhb986v",2,1,257.497043542584,268.606737267719,255.83307472927,"value_alt_offset",1
"255","bx1xq7e3jhb986v",1,2,259.234330587926,299.916436596509,256.623066447889,"value_alt_offset",2
"256","bx1xq7e3jhb986v",2,2,256.551814815195,281.247665912447,254.599765185325,"value_alt_offset",2
"257","bx1xq7e3jhb986v",1,3,254.589946107719,314.515865259881,252.496552616877,"value_alt_offset",3
"258","bx1xq7e3jhb986v",2,3,253.778733907606,275.698216264558,252.666253441687,"value_alt_offset",3
"259","c2se350v0tr4hzv",1,1,246.853123792944,274.60564446586,243.288769141756,"value_alt_offset",1
"260","c2se350v0tr4hzv",2,1,247.695220339158,262.027368464931,244.190718551253,"value_alt_offset",1
"261","c2se350v0tr4hzv",1,2,247.448344972337,265.58225954864,243.871430154921,"value_alt_offset",2
"262","c2se350v0tr4hzv",2,2,248.906847882534,283.242050217063,245.435163920474,"value_alt_offset",2
"263","c2se350v0tr4hzv",1,3,249.31246303917,256.519290280813,245.891254193263,"value_alt_offset",3
"264","c2se350v0tr4hzv",2,3,258.109933488152,290.873694805814,255.283984962552,"value_alt_offset",3
"265","cavjhtxfs1z091j",1,1,247.815749574752,241.588092130982,244.554655157084,"perc_offset",1
"266","cavjhtxfs1z091j",2,1,249.827522073924,246.946492354407,247.316554751786,"perc_offset",1
"267","cavjhtxfs1z091j",1,2,266.379157651357,245.345471284903,247.604120261799,"perc_offset",2
"268","cavjhtxfs1z091j",2,2,259.275521403302,254.636325452019,260.513986583607,"perc_offset",2
"269","cavjhtxfs1z091j",1,3,298.901343254745,310.534344737534,299.504942268025,"full_offset",3
"270","cavjhtxfs1z091j",2,3,289.357290346945,286.095141340084,285.376788395533,"value_alt_offset",3
"271","cl4vc26ycu0woo2",1,1,249.520086071608,249.130854242932,246.110381522297,"value_alt_offset",1
"272","cl4vc26ycu0woo2",2,1,250.265751879586,251.653043527136,246.78479864213,"value_alt_offset",1
"273","cl4vc26ycu0woo2",1,2,255.247755684874,264.767996939489,253.652463498676,"value_alt_offset",2
"274","cl4vc26ycu0woo2",2,2,278.215906561597,301.020234672639,277.981433643247,"value_alt_offset",2
"275","cl4vc26ycu0woo2",1,3,272.136520513345,258.475763793369,268.610963350276,"perc_offset",3
"276","cl4vc26ycu0woo2",2,3,281.047374573706,331.631935992192,295.133481896544,"full_offset",3
"277","djb1vpwld9c7hmk",1,1,321.540718887775,320.277354921803,317.717450101188,"value_alt_offset",1
"278","djb1vpwld9c7hmk",2,1,327.380908193252,333.840581393382,326.313957475324,"value_alt_offset",1
"279","djb1vpwld9c7hmk",1,2,308.17999351032,345.117692236182,308.955437724975,"full_offset",2
"280","djb1vpwld9c7hmk",2,2,314.147049949121,324.250486105459,315.842497770457,"full_offset",2
"281","djb1vpwld9c7hmk",1,3,294.158881573242,327.913818234752,298.37783547508,"full_offset",3
"282","djb1vpwld9c7hmk",2,3,287.219696777114,314.441305157118,285.618404453918,"value_alt_offset",3
"283","ds2ot3x1v6q63xg",1,1,246.597817583993,253.956885184059,243.039955585653,"value_alt_offset",1
"284","ds2ot3x1v6q63xg",2,1,247.517277620417,256.876186557818,244.134128066121,"value_alt_offset",1
"285","ds2ot3x1v6q63xg",1,2,247.177891763588,246.6175629471,243.704102301005,"value_alt_offset",2
"286","ds2ot3x1v6q63xg",2,2,246.721968168302,245.888773331982,243.243422376139,"value_alt_offset",2
"287","ds2ot3x1v6q63xg",1,3,246.868028967925,240.738332218275,243.303080704341,"perc_offset",3
"288","ds2ot3x1v6q63xg",2,3,246.69417728558,241.517757176322,243.263134803143,"perc_offset",3
"289","dtua0nm03dd9yb7",1,1,250.144129690652,247.224141758907,246.536741525613,"value_alt_offset",1
"290","dtua0nm03dd9yb7",2,1,248.621294108188,243.924896091213,245.430750362314,"perc_offset",1
"291","dtua0nm03dd9yb7",1,2,249.053095832612,243.880605746272,245.470416100132,"perc_offset",2
"292","dtua0nm03dd9yb7",2,2,275.043780239568,282.043255999326,273.821405120453,"value_alt_offset",2
"293","dtua0nm03dd9yb7",1,3,284.558050515464,284.482624931415,280.774511321002,"value_alt_offset",3
"294","dtua0nm03dd9yb7",2,3,273.430590079551,285.276399469546,272.231977876489,"value_alt_offset",3
"295","duzv7z4jux5olpv",1,1,248.099131611367,277.052843975243,244.569006665113,"value_alt_offset",1
"296","duzv7z4jux5olpv",2,1,253.477833023926,280.136383974033,250.394812595779,"value_alt_offset",1
"297","duzv7z4jux5olpv",1,2,253.341499065558,292.709431832143,250.059222513048,"value_alt_offset",2
"298","duzv7z4jux5olpv",2,2,248.461291245794,290.879709551494,244.90747044903,"value_alt_offset",2
"299","duzv7z4jux5olpv",1,3,251.681569292311,301.52695947054,249.443712133005,"value_alt_offset",3
"300","duzv7z4jux5olpv",2,3,249.049373520912,267.570325893328,245.651552491699,"value_alt_offset",3
"301","dvywvnh6comawyk",1,1,259.384147217794,271.251566894002,256.767715385601,"value_alt_offset",1
"302","dvywvnh6comawyk",2,1,246.720233860364,240.630990302365,243.150859460362,"perc_offset",1
"303","dvywvnh6comawyk",1,2,250.057589851123,257.459423498934,246.767102175034,"value_alt_offset",2
"304","dvywvnh6comawyk",2,2,248.341480283913,247.111630184103,245.098461776756,"value_alt_offset",2
"305","dvywvnh6comawyk",1,3,259.516522798974,262.834340764402,257.166239823348,"value_alt_offset",3
"306","dvywvnh6comawyk",2,3,247.552821139575,240.367313420449,244.567832901973,"perc_offset",3
"307","fehlcunq37bd57x",1,1,286.949810451099,355.884005093002,286.209260189973,"value_alt_offset",1
"308","fehlcunq37bd57x",2,1,283.657211361639,337.390255001557,286.00326542456,"full_offset",1
"309","fehlcunq37bd57x",1,2,291.290154378567,313.252271995515,287.404562692929,"value_alt_offset",2
"310","fehlcunq37bd57x",2,2,327.508101050796,362.498229208908,339.548500049127,"full_offset",2
"311","fehlcunq37bd57x",1,3,281.678932583114,308.808613990396,293.117271847291,"full_offset",3
"312","fehlcunq37bd57x",2,3,269.461689274658,346.631046200959,268.255189583992,"value_alt_offset",3
"313","fq39wkqs1solhdu",1,1,290.042552432976,285.904398041885,292.275577562933,"perc_offset",1
"314","fq39wkqs1solhdu",2,1,347.603088983064,334.307160150922,351.012527151594,"perc_offset",1
"315","fq39wkqs1solhdu",1,2,293.511320223394,306.277983065236,293.887016086154,"full_offset",2
"316","fq39wkqs1solhdu",2,2,317.653947228887,308.833548188524,321.291455167156,"perc_offset",2
"317","fq39wkqs1solhdu",1,3,291.74060765455,294.439739376438,278.963737235095,"value_alt_offset",3
"318","fq39wkqs1solhdu",2,3,256.352963639135,259.442685203948,254.347142880055,"value_alt_offset",3
"319","fqnkabfbs65dy5r",1,1,253.083006204253,271.299257495717,249.948313222151,"value_alt_offset",1
"320","fqnkabfbs65dy5r",2,1,249.309159027898,274.844638236364,245.722126946186,"value_alt_offset",1
"321","fqnkabfbs65dy5r",1,2,249.500399712273,308.90263278106,246.256800865707,"value_alt_offset",2
"322","fqnkabfbs65dy5r",2,2,248.441229460063,326.078057273175,244.97176554054,"value_alt_offset",2
"323","fqnkabfbs65dy5r",1,3,256.685294554466,321.613343909264,253.771254229188,"value_alt_offset",3
"324","fqnkabfbs65dy5r",2,3,259.093521129067,317.321465570901,256.447028445236,"value_alt_offset",3
"325","fwexbmobod79xhj",1,1,251.839606539232,256.798669808363,249.152976030828,"value_alt_offset",1
"326","fwexbmobod79xhj",2,1,252.181489629521,254.617547594958,250.978559115136,"value_alt_offset",1
"327","fwexbmobod79xhj",1,2,246.417549924505,245.048852259521,242.889585740005,"value_alt_offset",2
"328","fwexbmobod79xhj",2,2,252.297282496211,249.521991051027,248.892968509092,"value_alt_offset",2
"329","fwexbmobod79xhj",1,3,254.256592958503,242.068985182711,245.652568762264,"perc_offset",3
"330","fwexbmobod79xhj",2,3,257.851314123423,260.760663278498,254.984174237659,"value_alt_offset",3
"331","g35rvb9r3l07tgx",1,1,249.966175524667,253.023216392942,246.448477181374,"value_alt_offset",1
"332","g35rvb9r3l07tgx",2,1,249.394647484394,246.976348188444,245.984671386762,"value_alt_offset",1
"333","g35rvb9r3l07tgx",1,2,251.606900285619,275.862980979381,248.088447786155,"value_alt_offset",2
"334","g35rvb9r3l07tgx",2,2,253.499999430489,255.87450776244,250.893207311582,"value_alt_offset",2
"335","g35rvb9r3l07tgx",1,3,264.726495518326,269.469996054339,262.769559129119,"value_alt_offset",3
"336","g35rvb9r3l07tgx",2,3,256.922785730067,280.664643278173,254.537729154929,"value_alt_offset",3
"337","gg80fe1zyat447z",1,1,277.810426182606,297.551149730925,274.88135930787,"value_alt_offset",1
"338","gg80fe1zyat447z",2,1,268.875166871229,288.501352275796,267.940620324154,"value_alt_offset",1
"339","gg80fe1zyat447z",1,2,253.764602632769,287.312949218483,250.195610632228,"value_alt_offset",2
"340","gg80fe1zyat447z",2,2,247.564450117199,276.10515662746,244.191171244159,"value_alt_offset",2
"341","gg80fe1zyat447z",1,3,256.776771148128,282.464562846286,256.951685186702,"full_offset",3
"342","gg80fe1zyat447z",2,3,257.740916505912,266.89737232703,255.620033698101,"value_alt_offset",3
"343","ggkxy092ul5l6n0",1,1,252.63738979352,240.709475539583,250.413847525781,"perc_offset",1
"344","ggkxy092ul5l6n0",2,1,295.377915394909,293.373250841965,293.582906457102,"perc_offset",1
"345","ggkxy092ul5l6n0",1,2,266.854821815145,276.285834783519,263.793305774198,"value_alt_offset",2
"346","ggkxy092ul5l6n0",2,2,256.823028388205,263.579510378719,254.762899184213,"value_alt_offset",2
"347","ggkxy092ul5l6n0",1,3,273.183445229111,241.16481361954,257.953458796242,"perc_offset",3
"348","ggkxy092ul5l6n0",2,3,273.758688373226,293.015733011615,269.982688840335,"value_alt_offset",3
"349","ghbypuj01msjo4h",1,1,274.847036237674,309.735918506953,274.938536089099,"full_offset",1
"350","ghbypuj01msjo4h",2,1,280.388079087569,292.392937228544,280.107433637487,"value_alt_offset",1
"351","ghbypuj01msjo4h",1,2,290.330405884932,286.910951650443,288.261005560787,"perc_offset",2
"352","ghbypuj01msjo4h",2,2,273.039864666686,302.538646217586,270.805471483873,"value_alt_offset",2
"353","ghbypuj01msjo4h",1,3,285.577983106422,298.881976715555,285.298986836109,"value_alt_offset",3
"354","ghbypuj01msjo4h",2,3,293.415661614551,289.117404472809,296.30767873403,"perc_offset",3
"355","gnd1v5zo5x7qjad",1,1,246.951740544753,264.496965588543,243.415189232354,"value_alt_offset",1
"356","gnd1v5zo5x7qjad",2,1,249.14111099567,259.870174135643,245.612733045177,"value_alt_offset",1
"357","gnd1v5zo5x7qjad",1,2,248.334267764055,265.356614342922,244.844021307923,"value_alt_offset",2
"358","gnd1v5zo5x7qjad",2,2,247.337709341092,259.678877183586,243.902028674772,"value_alt_offset",2
"359","gnd1v5zo5x7qjad",1,3,247.260333684271,267.96129662328,243.808270379076,"value_alt_offset",3
"360","gnd1v5zo5x7qjad",2,3,247.766926089968,259.63569214477,244.178250908614,"value_alt_offset",3
"361","gs1p8zvs22f3u03",1,1,251.411194090523,290.914981188969,248.30262206551,"value_alt_offset",1
"362","gs1p8zvs22f3u03",2,1,266.818797623716,300.361479813872,263.514804738203,"value_alt_offset",1
"363","gs1p8zvs22f3u03",1,2,268.37773371367,306.995376286597,265.670113494264,"value_alt_offset",2
"364","gs1p8zvs22f3u03",2,2,255.242092007762,313.938552020271,251.771470538034,"value_alt_offset",2
"365","gs1p8zvs22f3u03",1,3,251.976586409966,341.127706382568,249.773720836842,"value_alt_offset",3
"366","gs1p8zvs22f3u03",2,3,251.181724715581,305.834372060688,247.617003467406,"value_alt_offset",3
"367","gstz99vr89krpfz",1,1,271.525389791893,297.884527683781,268.784620743168,"value_alt_offset",1
"368","gstz99vr89krpfz",2,1,249.888636488709,267.848764234748,246.298401924829,"value_alt_offset",1
"369","gstz99vr89krpfz",1,2,249.341844483781,282.662758760561,246.006065494967,"value_alt_offset",2
"370","gstz99vr89krpfz",2,2,251.083312527307,268.789896829073,247.378588726036,"value_alt_offset",2
"371","gstz99vr89krpfz",1,3,249.978612991923,257.077478616143,246.832031306974,"value_alt_offset",3
"372","gstz99vr89krpfz",2,3,253.926003228597,263.418062097348,250.51577203022,"value_alt_offset",3
"373","h9du65sl07e0gv9",1,1,277.9859870283,283.814686154244,275.393800493198,"value_alt_offset",1
"374","h9du65sl07e0gv9",2,1,304.103262517307,315.776482450039,320.466892498972,"full_offset",1
"375","h9du65sl07e0gv9",1,2,293.567913701505,286.654998865124,289.703287462842,"perc_offset",2
"376","h9du65sl07e0gv9",2,2,306.70582712957,321.669345687365,314.827187720281,"full_offset",2
"377","h9du65sl07e0gv9",1,3,257.880647368903,239.61509347551,243.188204453915,"perc_offset",3
"378","h9du65sl07e0gv9",2,3,290.973092428476,289.011344112886,292.619196517423,"perc_offset",3
"379","hd4d44n06f6cawh",1,1,247.9377346467,262.466074159137,244.457704691422,"value_alt_offset",1
"380","hd4d44n06f6cawh",2,1,250.839694760214,287.196715067622,247.80954574373,"value_alt_offset",1
"381","hd4d44n06f6cawh",1,2,248.025794032176,271.3742800446,244.477761459573,"value_alt_offset",2
"382","hd4d44n06f6cawh",2,2,248.956053497376,261.702244283206,245.365961385367,"value_alt_offset",2
"383","hd4d44n06f6cawh",1,3,251.893178809477,255.834817718391,249.378901886723,"value_alt_offset",3
"384","hd4d44n06f6cawh",2,3,248.565661713993,247.793162009068,245.169046969109,"value_alt_offset",3
"385","hd9k76vgdu5mql0",1,1,255.775286438513,300.629261991977,252.483880932348,"value_alt_offset",1
"386","hd9k76vgdu5mql0",2,1,251.390352826546,263.306835539734,248.649652756996,"value_alt_offset",1
"387","hd9k76vgdu5mql0",1,2,274.268077887368,298.330255686186,275.560854764718,"full_offset",2
"388","hd9k76vgdu5mql0",2,2,262.87916105907,275.716330914726,261.554940260955,"value_alt_offset",2
"389","hd9k76vgdu5mql0",1,3,267.52600220076,292.478349328214,266.316111968759,"value_alt_offset",3
"390","hd9k76vgdu5mql0",2,3,259.652723712013,290.978019202871,258.495140163317,"value_alt_offset",3
"391","hjgqzm1pq2mo1u7",1,1,247.230173018293,241.62466803365,243.754093499046,"perc_offset",1
"392","hjgqzm1pq2mo1u7",2,1,246.881827840107,240.971310027644,243.43001921961,"perc_offset",1
"393","hjgqzm1pq2mo1u7",1,2,271.001804956736,283.436696213727,275.340571562039,"full_offset",2
"394","hjgqzm1pq2mo1u7",2,2,273.271438655744,311.931099057552,272.701909899747,"value_alt_offset",2
"395","hjgqzm1pq2mo1u7",1,3,316.617143193058,363.088047745119,319.710579685438,"full_offset",3
"396","hjgqzm1pq2mo1u7",2,3,299.755131247151,397.914310351859,316.185310938865,"full_offset",3
"397","hkdemly7qs0y8be",1,1,251.426451764685,264.032642018679,248.555148678061,"value_alt_offset",1
"398","hkdemly7qs0y8be",2,1,246.832707235226,254.728958713588,243.308752241715,"value_alt_offset",1
"399","hkdemly7qs0y8be",1,2,247.373033090649,248.249312433077,243.867111188933,"value_alt_offset",2
"400","hkdemly7qs0y8be",2,2,248.124120320377,250.125387165509,244.959050311251,"value_alt_offset",2
"401","hkdemly7qs0y8be",1,3,247.422550017638,261.981186843839,243.942510823711,"value_alt_offset",3
"402","hkdemly7qs0y8be",2,3,252.850185434406,274.786069773023,249.349321600081,"value_alt_offset",3
"403","hm4cdxlz8t0281v",1,1,257.758825980678,295.547433677403,254.455128217172,"value_alt_offset",1
"404","hm4cdxlz8t0281v",2,1,251.156287155605,291.698153756144,247.775218938833,"value_alt_offset",1
"405","hm4cdxlz8t0281v",1,2,250.412530333561,273.069911511242,248.025644819653,"value_alt_offset",2
"406","hm4cdxlz8t0281v",2,2,254.353752067374,285.975735560857,251.166854354747,"value_alt_offset",2
"407","hm4cdxlz8t0281v",1,3,252.381652896549,302.756461987853,248.863532243374,"value_alt_offset",3
"408","hm4cdxlz8t0281v",2,3,248.701517457593,255.96946579443,244.968768750619,"value_alt_offset",3
"409","hmfoy1dyl3p0oyx",1,1,251.955774839908,331.840814985555,248.563645543397,"value_alt_offset",1
"410","hmfoy1dyl3p0oyx",2,1,250.574375669984,335.110608576487,248.097011341359,"value_alt_offset",1
"411","hmfoy1dyl3p0oyx",1,2,254.906557181474,336.616896072631,253.867748941908,"value_alt_offset",2
"412","hmfoy1dyl3p0oyx",2,2,250.444635592045,284.048280861957,249.550962957355,"value_alt_offset",2
"413","hmfoy1dyl3p0oyx",1,3,250.279464174166,330.638102626191,248.244504332731,"value_alt_offset",3
"414","hmfoy1dyl3p0oyx",2,3,249.593026090486,325.248152231364,246.064330080241,"value_alt_offset",3
"415","hvawyrkxreuq7d8",1,1,259.187399448855,322.523487091127,256.455735710347,"value_alt_offset",1
"416","hvawyrkxreuq7d8",2,1,255.356938745869,265.06895408627,253.333538604654,"value_alt_offset",1
"417","hvawyrkxreuq7d8",1,2,249.372918022257,297.390177324738,245.989108390237,"value_alt_offset",2
"418","hvawyrkxreuq7d8",2,2,275.81843009416,334.158784144052,278.641389740578,"full_offset",2
"419","hvawyrkxreuq7d8",1,3,249.943934447097,248.876515449186,246.583828095639,"value_alt_offset",3
"420","hvawyrkxreuq7d8",2,3,247.55656593719,243.650202239858,244.232911893693,"perc_offset",3
"421","jdewbyn3agn01fj",1,1,278.91962000006,277.562011361361,276.870750413562,"value_alt_offset",1
"422","jdewbyn3agn01fj",2,1,257.860895937139,309.822758130193,254.671055812769,"value_alt_offset",1
"423","jdewbyn3agn01fj",1,2,249.332344345109,305.417792941737,245.950493632303,"value_alt_offset",2
"424","jdewbyn3agn01fj",2,2,263.166642278658,270.319494796086,262.413220749856,"value_alt_offset",2
"425","jdewbyn3agn01fj",1,3,275.084277371072,333.694781746459,273.794897372841,"value_alt_offset",3
"426","jdewbyn3agn01fj",2,3,257.195875618635,297.906647684585,253.9699044729,"value_alt_offset",3
"427","je7gumyhw5zyax5",1,1,264.563917494005,306.422847876732,261.625118080499,"value_alt_offset",1
"428","je7gumyhw5zyax5",2,1,252.079293625823,272.407899298779,249.092316639988,"value_alt_offset",1
"429","je7gumyhw5zyax5",1,2,256.540374116598,296.184434170854,252.799214503778,"value_alt_offset",2
"430","je7gumyhw5zyax5",2,2,249.323378204709,285.983301189832,246.026821695605,"value_alt_offset",2
"431","je7gumyhw5zyax5",1,3,249.831801350045,282.287439565198,246.631133923589,"value_alt_offset",3
"432","je7gumyhw5zyax5",2,3,253.664201736945,300.719764647402,250.057703152971,"value_alt_offset",3
"433","jk1c41xga9cmsrf",1,1,246.992395806653,251.533275778754,243.486463842427,"value_alt_offset",1
"434","jk1c41xga9cmsrf",2,1,247.643147967739,264.944486276904,244.144887397121,"value_alt_offset",1
"435","jk1c41xga9cmsrf",1,2,250.269356450123,280.857605408534,247.297265496317,"value_alt_offset",2
"436","jk1c41xga9cmsrf",2,2,247.720499908312,261.450384104074,244.415428753977,"value_alt_offset",2
"437","jk1c41xga9cmsrf",1,3,247.626948152992,256.582976782206,244.057600543662,"value_alt_offset",3
"438","jk1c41xga9cmsrf",2,3,248.151921294247,260.917750715959,244.899135947411,"value_alt_offset",3
"439","jvcerddevc3rwm0",1,1,247.265857393658,256.156207321125,243.673439679487,"value_alt_offset",1
"440","jvcerddevc3rwm0",2,1,246.623049047668,247.140934845028,243.057781391073,"value_alt_offset",1
"441","jvcerddevc3rwm0",1,2,246.664598507567,251.588761481941,243.08154504271,"value_alt_offset",2
"442","jvcerddevc3rwm0",2,2,252.384739264414,262.776676351552,249.809419157374,"value_alt_offset",2
"443","jvcerddevc3rwm0",1,3,249.292055880469,247.854573236711,246.05539578049,"value_alt_offset",3
"444","jvcerddevc3rwm0",2,3,246.554569555832,242.075206120643,242.994865875643,"perc_offset",3
"445","k3j8o90rkvw7tal",1,1,253.314858417249,284.227051044618,250.916128660719,"value_alt_offset",1
"446","k3j8o90rkvw7tal",2,1,253.06851512464,288.819685347288,250.632743561115,"value_alt_offset",1
"447","k3j8o90rkvw7tal",1,2,258.487953365132,271.796855892503,255.689197963325,"value_alt_offset",2
"448","k3j8o90rkvw7tal",2,2,257.602582326104,276.095185489955,254.897422238039,"value_alt_offset",2
"449","k3j8o90rkvw7tal",1,3,253.886581960958,290.315560424374,252.029067018212,"value_alt_offset",3
"450","k3j8o90rkvw7tal",2,3,253.6484532631,264.151269320583,251.303147727682,"value_alt_offset",3
"451","k7xa918wsdj832n",1,1,248.305556607339,274.095626568062,244.896418076251,"value_alt_offset",1
"452","k7xa918wsdj832n",2,1,248.347619891474,273.033656265027,245.16605393844,"value_alt_offset",1
"453","k7xa918wsdj832n",1,2,293.152539780623,327.583780186744,290.247548305215,"value_alt_offset",2
"454","k7xa918wsdj832n",2,2,249.22334736371,266.653629353201,245.728851940898,"value_alt_offset",2
"455","k7xa918wsdj832n",1,3,256.604842709682,301.472069911661,255.828767987028,"value_alt_offset",3
"456","k7xa918wsdj832n",2,3,250.246677286057,257.771534026765,246.994650075173,"value_alt_offset",3
"457","kp5boe0z4uwwu7r",1,1,249.055092408518,263.930970488544,245.993300359152,"value_alt_offset",1
"458","kp5boe0z4uwwu7r",2,1,249.693797092562,259.051962842601,246.64782618162,"value_alt_offset",1
"459","kp5boe0z4uwwu7r",1,2,249.796239716268,257.168469695675,246.631168855224,"value_alt_offset",2
"460","kp5boe0z4uwwu7r",2,2,250.532339806368,257.046715534575,247.538072736292,"value_alt_offset",2
"461","kp5boe0z4uwwu7r",1,3,269.629122641128,282.589580616332,267.755341826381,"value_alt_offset",3
"462","kp5boe0z4uwwu7r",2,3,255.672577268168,266.472127635262,252.638398314477,"value_alt_offset",3
"463","ktwcurcgfv59jnc",1,1,267.203659973764,331.854630723194,264.101909266525,"value_alt_offset",1
"464","ktwcurcgfv59jnc",2,1,256.404640847665,345.763673609149,252.805082386576,"value_alt_offset",1
"465","ktwcurcgfv59jnc",1,2,281.563611959169,350.801313048965,288.119830038571,"full_offset",2
"466","ktwcurcgfv59jnc",2,2,254.763323808501,297.045139485516,251.177949081045,"value_alt_offset",2
"467","ktwcurcgfv59jnc",1,3,258.930920124489,333.760134066354,255.65811874856,"value_alt_offset",3
"468","ktwcurcgfv59jnc",2,3,252.205230912532,306.820595646967,248.929817447824,"value_alt_offset",3
"469","kug2nygmmndpth5",1,1,253.571052952592,309.415017672978,251.382165320318,"value_alt_offset",1
"470","kug2nygmmndpth5",2,1,254.661613730299,299.95422331876,252.034462288328,"value_alt_offset",1
"471","kug2nygmmndpth5",1,2,267.018916577882,321.803465797414,266.398785295095,"value_alt_offset",2
"472","kug2nygmmndpth5",2,2,252.813162110943,286.507338704756,250.534120262103,"value_alt_offset",2
"473","kug2nygmmndpth5",1,3,279.276744894618,315.989294406006,276.264331712487,"value_alt_offset",3
"474","kug2nygmmndpth5",2,3,264.614910425937,344.589178495634,262.24679312527,"value_alt_offset",3
"475","l7kobq2fs7s15go",1,1,253.426709597724,274.216806954682,250.047686422122,"value_alt_offset",1
"476","l7kobq2fs7s15go",2,1,253.450828893136,261.191590173481,249.899884337706,"value_alt_offset",1
"477","l7kobq2fs7s15go",1,2,251.16407756626,264.000492795566,248.183068980591,"value_alt_offset",2
"478","l7kobq2fs7s15go",2,2,251.985060426158,261.974048327627,248.454044066405,"value_alt_offset",2
"479","l7kobq2fs7s15go",1,3,255.506718279663,334.495869259243,252.53267094084,"value_alt_offset",3
"480","l7kobq2fs7s15go",2,3,267.369611001612,270.033635764852,267.245123034812,"value_alt_offset",3
"481","le6z045m543xskj",1,1,252.096981651957,242.276624755664,251.730250093365,"perc_offset",1
"482","le6z045m543xskj",2,1,248.88705062952,253.429827439774,246.153924180126,"value_alt_offset",1
"483","le6z045m543xskj",1,2,256.955289327087,262.654395266668,254.740997750381,"value_alt_offset",2
"484","le6z045m543xskj",2,2,258.486686730574,257.143513679804,254.841557245317,"value_alt_offset",2
"485","le6z045m543xskj",1,3,281.11412412067,347.109458086774,280.298571091777,"value_alt_offset",3
"486","le6z045m543xskj",2,3,278.358661365629,307.202554739528,293.549597740792,"full_offset",3
"487","lnhuzvcq72odm0l",1,1,247.466973775159,253.799106758795,244.029640295842,"value_alt_offset",1
"488","lnhuzvcq72odm0l",2,1,247.710943356498,259.525184180359,244.200284730632,"value_alt_offset",1
"489","lnhuzvcq72odm0l",1,2,248.202055968994,256.007334809222,244.913280219892,"value_alt_offset",2
"490","lnhuzvcq72odm0l",2,2,248.18377670186,249.782817293597,244.864762161293,"value_alt_offset",2
"491","lnhuzvcq72odm0l",1,3,290.78104892958,313.344899086099,292.801663703261,"full_offset",3
"492","lnhuzvcq72odm0l",2,3,253.19181973627,249.973464810599,250.843913475498,"perc_offset",3
"493","lq01y2l4zvsfb6u",1,1,276.477733730224,357.269114238603,275.3817066363,"value_alt_offset",1
"494","lq01y2l4zvsfb6u",2,1,257.169327484763,310.813184458386,254.802830593829,"value_alt_offset",1
"495","lq01y2l4zvsfb6u",1,2,264.866607533081,374.966699497511,268.882202533061,"full_offset",2
"496","lq01y2l4zvsfb6u",2,2,300.555561610491,325.694142834366,296.391010501317,"value_alt_offset",2
"497","lq01y2l4zvsfb6u",1,3,266.393759509677,349.162071453914,264.450803857471,"value_alt_offset",3
"498","lq01y2l4zvsfb6u",2,3,266.859140783725,270.901872592186,263.873082513082,"value_alt_offset",3
"499","lqk83qqxe3xs6ss",1,1,255.38461518353,261.059411709824,252.926883223604,"value_alt_offset",1
"500","lqk83qqxe3xs6ss",2,1,255.68710206416,260.823916837227,252.685783950298,"value_alt_offset",1
"501","lqk83qqxe3xs6ss",1,2,267.8625502124,278.849978237954,254.477491579209,"value_alt_offset",2
"502","lqk83qqxe3xs6ss",2,2,254.811882406903,266.560670599546,251.743745489396,"value_alt_offset",2
"503","lqk83qqxe3xs6ss",1,3,259.9693205667,294.823817140567,256.384672201467,"value_alt_offset",3
"504","lqk83qqxe3xs6ss",2,3,259.427381390982,276.503525848172,255.932990188839,"value_alt_offset",3
"505","lucnd0k3f5h8ez4",1,1,247.311872197409,279.920246180407,243.768193189974,"value_alt_offset",1
"506","lucnd0k3f5h8ez4",2,1,247.451603714565,264.413298043951,244.042286898366,"value_alt_offset",1
"507","lucnd0k3f5h8ez4",1,2,247.252338349805,256.507874902599,243.91473017817,"value_alt_offset",2
"508","lucnd0k3f5h8ez4",2,2,247.068847733743,244.261197638981,243.521217133315,"value_alt_offset",2
"509","lucnd0k3f5h8ez4",1,3,249.920534585797,253.471564826984,246.517449607904,"value_alt_offset",3
"510","lucnd0k3f5h8ez4",2,3,247.796719634678,249.889980715509,244.284522470421,"value_alt_offset",3
"511","m603l2rxt7hfqax",1,1,246.66279350102,251.042714892802,243.155614875731,"value_alt_offset",1
"512","m603l2rxt7hfqax",2,1,247.325424935196,263.398876082748,243.817594130477,"value_alt_offset",1
"513","m603l2rxt7hfqax",1,2,253.482569887029,285.191721322201,250.884791616546,"value_alt_offset",2
"514","m603l2rxt7hfqax",2,2,250.518367170671,283.869210671012,247.522677495935,"value_alt_offset",2
"515","m603l2rxt7hfqax",1,3,251.931516978515,286.998797385357,248.984750446224,"value_alt_offset",3
"516","m603l2rxt7hfqax",2,3,247.84970740047,243.702664616089,244.49932264878,"perc_offset",3
"517","m72afjrfmn9ycnm",1,1,251.253322309318,248.276622773567,247.609778477736,"value_alt_offset",1
"518","m72afjrfmn9ycnm",2,1,252.29068631713,244.944400733995,252.484621154745,"perc_offset",1
"519","m72afjrfmn9ycnm",1,2,271.004182173825,260.715406324297,267.396626035928,"perc_offset",2
"520","m72afjrfmn9ycnm",2,2,269.58908503404,256.901933898067,258.451857248718,"perc_offset",2
"521","m72afjrfmn9ycnm",1,3,280.575353174424,290.785814775999,280.07519884871,"value_alt_offset",3
"522","m72afjrfmn9ycnm",2,3,292.506408973467,305.049339879173,296.929181433831,"full_offset",3
"523","m8fuvpkggx3r7sw",1,1,273.179956503096,280.349849569793,260.490319615451,"value_alt_offset",1
"524","m8fuvpkggx3r7sw",2,1,251.43785484285,265.811485447293,248.843117307736,"value_alt_offset",1
"525","m8fuvpkggx3r7sw",1,2,265.258786770076,263.969706461003,259.45917413699,"value_alt_offset",2
"526","m8fuvpkggx3r7sw",2,2,255.725020957525,266.186538091828,252.657920745679,"value_alt_offset",2
"527","m8fuvpkggx3r7sw",1,3,259.114853466403,275.569841397336,256.671084973866,"value_alt_offset",3
"528","m8fuvpkggx3r7sw",2,3,258.528078321771,257.313478967291,255.919372808066,"value_alt_offset",3
"529","mdtwfshb8x8v70p",1,1,247.954639975841,260.902656045639,244.374981410478,"value_alt_offset",1
"530","mdtwfshb8x8v70p",2,1,257.203944007073,265.585175685692,251.35246533165,"value_alt_offset",1
"531","mdtwfshb8x8v70p",1,2,254.674673139745,257.776759092737,251.815475980906,"value_alt_offset",2
"532","mdtwfshb8x8v70p",2,2,248.631438035308,257.597337272626,244.791256967254,"value_alt_offset",2
"533","mdtwfshb8x8v70p",1,3,248.95261763588,246.633421187213,245.618688162553,"value_alt_offset",3
"534","mdtwfshb8x8v70p",2,3,256.298480812026,264.283533370384,252.955067769495,"value_alt_offset",3
"535","mghqo7uxufw84xb",1,1,246.366445456321,239.295159756924,242.797556133318,"perc_offset",1
"536","mghqo7uxufw84xb",2,1,246.654575756369,240.57804063045,243.089666985474,"perc_offset",1
"537","mghqo7uxufw84xb",1,2,255.673029865214,273.220363899015,253.959702843921,"value_alt_offset",2
"538","mghqo7uxufw84xb",2,2,253.889492597038,264.085987748337,250.729527388548,"value_alt_offset",2
"539","mghqo7uxufw84xb",1,3,257.945658991057,322.502473389596,255.166967430743,"value_alt_offset",3
"540","mghqo7uxufw84xb",2,3,258.749443892585,333.209818989763,255.87851784763,"value_alt_offset",3
"541","mmjryby874fs60o",1,1,250.906481265548,269.472392169579,247.75061123767,"value_alt_offset",1
"542","mmjryby874fs60o",2,1,251.964038614136,277.262447592102,249.0140261368,"value_alt_offset",1
"543","mmjryby874fs60o",1,2,249.122516232479,316.705422740919,245.680259230129,"value_alt_offset",2
"544","mmjryby874fs60o",2,2,254.566752439096,265.893273755561,252.453707980245,"value_alt_offset",2
"545","mmjryby874fs60o",1,3,256.23081152696,276.409936696792,253.716220271247,"value_alt_offset",3
"546","mmjryby874fs60o",2,3,250.774519206565,260.447942308351,247.704967062517,"value_alt_offset",3
"547","n56opcxqwcyuk97",1,1,249.79988989201,251.668794961346,246.759788874373,"value_alt_offset",1
"548","n56opcxqwcyuk97",2,1,257.106041008079,256.359884065013,250.882956014997,"value_alt_offset",1
"549","n56opcxqwcyuk97",1,2,260.61209005353,280.234184106954,259.338232546719,"value_alt_offset",2
"550","n56opcxqwcyuk97",2,2,251.106099450989,258.397063465814,247.754866055969,"value_alt_offset",2
"551","n56opcxqwcyuk97",1,3,263.382761935547,285.459708829295,263.062070874557,"value_alt_offset",3
"552","n56opcxqwcyuk97",2,3,256.718768024028,282.821626770695,254.440057792702,"value_alt_offset",3
"553","np2r7s44c0nxgg5",1,1,247.601261472619,248.899876005274,243.906215162067,"value_alt_offset",1
"554","np2r7s44c0nxgg5",2,1,248.380572700763,260.285118079958,245.535098636439,"value_alt_offset",1
"555","np2r7s44c0nxgg5",1,2,255.383221812477,266.247595378224,252.830095465745,"value_alt_offset",2
"556","np2r7s44c0nxgg5",2,2,249.570458642316,250.845619764046,246.221942893784,"value_alt_offset",2
"557","np2r7s44c0nxgg5",1,3,256.038758967186,250.69434265426,252.539841406555,"perc_offset",3
"558","np2r7s44c0nxgg5",2,3,263.463353787242,265.767162245439,262.606063024254,"value_alt_offset",3
"559","nrv57g0kvh6lz31",1,1,259.304988444345,292.111807657207,255.952071873859,"value_alt_offset",1
"560","nrv57g0kvh6lz31",2,1,249.461353670195,273.921687592074,246.029111070391,"value_alt_offset",1
"561","nrv57g0kvh6lz31",1,2,250.717207995744,290.702149855946,248.058715197566,"value_alt_offset",2
"562","nrv57g0kvh6lz31",2,2,247.511109628267,250.671333306734,244.15784134214,"value_alt_offset",2
"563","nrv57g0kvh6lz31",1,3,263.870734248285,326.940049158468,263.662966189943,"value_alt_offset",3
"564","nrv57g0kvh6lz31",2,3,260.603718765012,291.790845377019,258.710127204198,"value_alt_offset",3
"565","nvk3jd25saegh24",1,1,248.545002998284,242.619826499712,245.367032299645,"perc_offset",1
"566","nvk3jd25saegh24",2,1,250.0664325887,244.903902848109,246.90354266069,"perc_offset",1
"567","nvk3jd25saegh24",1,2,257.415628918796,239.146733963617,242.730252902073,"perc_offset",2
"568","nvk3jd25saegh24",2,2,256.461148702032,251.390032083307,254.14454878184,"perc_offset",2
"569","nvk3jd25saegh24",1,3,262.093626249737,252.823426092508,254.710590726653,"perc_offset",3
"570","nvk3jd25saegh24",2,3,262.060113199507,260.252977645997,259.22856624518,"value_alt_offset",3
"571","oemn8dnelyez9dr",1,1,276.673188547912,276.319533820153,266.183403437801,"value_alt_offset",1
"572","oemn8dnelyez9dr",2,1,263.095651540664,283.425884940289,262.975665734382,"value_alt_offset",1
"573","oemn8dnelyez9dr",1,2,283.07802276052,299.703863647527,277.320459313275,"value_alt_offset",2
"574","oemn8dnelyez9dr",2,2,260.249429476127,305.985533643575,258.372634957079,"value_alt_offset",2
"575","oemn8dnelyez9dr",1,3,270.534306594788,315.011176784542,269.585874590616,"value_alt_offset",3
"576","oemn8dnelyez9dr",2,3,265.985332634684,262.83090838396,263.860843010202,"perc_offset",3
"577","oeu4jokoabrwtua",1,1,252.209568179091,281.653301663497,249.135918157761,"value_alt_offset",1
"578","oeu4jokoabrwtua",2,1,252.649233059719,291.862606272996,250.466102076483,"value_alt_offset",1
"579","oeu4jokoabrwtua",1,2,256.899543681043,323.229166565987,253.522254533968,"value_alt_offset",2
"580","oeu4jokoabrwtua",2,2,258.846778417912,302.165872520041,255.966326827204,"value_alt_offset",2
"581","oeu4jokoabrwtua",1,3,284.231736118535,310.233296511548,283.394498499721,"value_alt_offset",3
"582","oeu4jokoabrwtua",2,3,252.295140083199,285.163925661214,249.260573969511,"value_alt_offset",3
"583","p0ptwsbjrbx9q9b",1,1,248.671436753693,246.627127354861,245.367768287136,"value_alt_offset",1
"584","p0ptwsbjrbx9q9b",2,1,248.415743062537,250.504765005917,245.316498703683,"value_alt_offset",1
"585","p0ptwsbjrbx9q9b",1,2,251.773986362673,276.802994974003,248.954181401021,"value_alt_offset",2
"586","p0ptwsbjrbx9q9b",2,2,253.387802576622,269.509814596653,249.923235434234,"value_alt_offset",2
"587","p0ptwsbjrbx9q9b",1,3,263.666097283196,276.750228747065,261.283257288404,"value_alt_offset",3
"588","p0ptwsbjrbx9q9b",2,3,265.201910489919,290.675737751408,262.631447428397,"value_alt_offset",3
"589","p2sp49zl9919q87",1,1,260.697462797271,283.520774565646,257.692697410684,"value_alt_offset",1
"590","p2sp49zl9919q87",2,1,247.1628405761,251.987355910501,243.626839737131,"value_alt_offset",1
"591","p2sp49zl9919q87",1,2,248.837610865348,321.359037570983,245.571413093823,"value_alt_offset",2
"592","p2sp49zl9919q87",2,2,249.048716205666,306.398696714983,245.49108110022,"value_alt_offset",2
"593","p2sp49zl9919q87",1,3,248.995622888385,310.434267913304,245.814809163407,"value_alt_offset",3
"594","p2sp49zl9919q87",2,3,251.763966257051,311.580533185928,248.159388056733,"value_alt_offset",3
"595","p2v49387cgj37sn",1,1,246.718999831456,265.531052189034,243.216545666654,"value_alt_offset",1
"596","p2v49387cgj37sn",2,1,246.883640607919,251.297745771714,243.383937984675,"value_alt_offset",1
"597","p2v49387cgj37sn",1,2,248.331472096077,319.287509004944,244.809308700005,"value_alt_offset",2
"598","p2v49387cgj37sn",2,2,247.493839538224,263.242682876583,244.074703792037,"value_alt_offset",2
"599","p2v49387cgj37sn",1,3,247.380811846328,256.186122349877,244.447082835043,"value_alt_offset",3
"600","p2v49387cgj37sn",2,3,247.400862460719,253.492476330534,243.834782397414,"value_alt_offset",3
"601","pjp6ertnjw1vb6j",1,1,251.690683178387,288.858789415117,248.248724598667,"value_alt_offset",1
"602","pjp6ertnjw1vb6j",2,1,247.695660948217,262.131353080894,244.184676876365,"value_alt_offset",1
"603","pjp6ertnjw1vb6j",1,2,252.272870311064,293.001340689889,248.863424821051,"value_alt_offset",2
"604","pjp6ertnjw1vb6j",2,2,247.899083615424,260.741908988572,244.468840588743,"value_alt_offset",2
"605","pjp6ertnjw1vb6j",1,3,250.145678646656,291.806658145065,246.649562787292,"value_alt_offset",3
"606","pjp6ertnjw1vb6j",2,3,248.857175054839,267.35368226889,245.48070494656,"value_alt_offset",3
"607","pojfe0tpsdoned2",1,1,255.108189181318,309.951007545954,251.78123431641,"value_alt_offset",1
"608","pojfe0tpsdoned2",2,1,255.79764526234,311.200067564611,252.520394385137,"value_alt_offset",1
"609","pojfe0tpsdoned2",1,2,254.76381807585,303.460616796445,254.189575558554,"value_alt_offset",2
"610","pojfe0tpsdoned2",2,2,247.452622841066,276.780771907888,243.933211316876,"value_alt_offset",2
"611","pojfe0tpsdoned2",1,3,250.461406340324,278.132570455996,247.164688837899,"value_alt_offset",3
"612","pojfe0tpsdoned2",2,3,251.172174905374,286.096634087955,248.936840568364,"value_alt_offset",3
"613","pv8gfb6dwc0u8md",1,1,250.051372030674,278.279637581714,247.37833816426,"value_alt_offset",1
"614","pv8gfb6dwc0u8md",2,1,247.825973782326,251.765712787729,244.317938762878,"value_alt_offset",1
"615","pv8gfb6dwc0u8md",1,2,255.091529687393,298.486157054801,254.92334186315,"value_alt_offset",2
"616","pv8gfb6dwc0u8md",2,2,250.712016168266,273.584486778332,248.155391426415,"value_alt_offset",2
"617","pv8gfb6dwc0u8md",1,3,249.075363622342,264.160149159008,245.668252571157,"value_alt_offset",3
"618","pv8gfb6dwc0u8md",2,3,253.588799897815,306.495343587296,250.323700906772,"value_alt_offset",3
"619","q4o2n439h3o4hux",1,1,247.606750050485,285.460909221,244.032698239779,"value_alt_offset",1
"620","q4o2n439h3o4hux",2,1,251.939716765723,274.90661299086,248.620679698394,"value_alt_offset",1
"621","q4o2n439h3o4hux",1,2,247.652266280448,306.859462057778,244.068374180397,"value_alt_offset",2
"622","q4o2n439h3o4hux",2,2,248.241543178345,304.65398385945,245.050938831889,"value_alt_offset",2
"623","q4o2n439h3o4hux",1,3,251.492646094458,299.472251068466,248.56987329678,"value_alt_offset",3
"624","q4o2n439h3o4hux",2,3,249.808376303723,296.482578886627,246.387408044615,"value_alt_offset",3
"625","qeaducsgetncgeb",1,1,251.602170242459,239.146733963617,248.485455077203,"perc_offset",1
"626","qeaducsgetncgeb",2,1,248.392618443133,242.026832968451,245.507376359967,"perc_offset",1
"627","qeaducsgetncgeb",1,2,255.480957358415,239.149229693655,247.291450845899,"perc_offset",2
"628","qeaducsgetncgeb",2,2,251.676730096845,245.146733962131,251.729689180021,"perc_offset",2
"629","qeaducsgetncgeb",1,3,267.131518835061,266.480563315108,263.250077128038,"value_alt_offset",3
"630","qeaducsgetncgeb",2,3,263.446268106046,242.887841269066,254.71426050648,"perc_offset",3
"631","qreecv8wv03uqw8",1,1,254.99635724088,300.634528379899,251.949290109396,"value_alt_offset",1
"632","qreecv8wv03uqw8",2,1,259.275298952488,265.985135948834,256.250762322257,"value_alt_offset",1
"633","qreecv8wv03uqw8",1,2,250.025542415026,302.604314623213,247.178208092028,"value_alt_offset",2
"634","qreecv8wv03uqw8",2,2,248.81426528739,268.486862403068,245.578993109394,"value_alt_offset",2
"635","qreecv8wv03uqw8",1,3,261.208124051054,315.02829871481,259.750320546754,"value_alt_offset",3
"636","qreecv8wv03uqw8",2,3,252.272301575185,272.407173144181,249.43456191521,"value_alt_offset",3
"637","qw7q50m2o58ugvl",1,1,247.726156948839,251.235509793557,244.424937197576,"value_alt_offset",1
"638","qw7q50m2o58ugvl",2,1,248.794775922031,251.584451015073,245.375901454559,"value_alt_offset",1
"639","qw7q50m2o58ugvl",1,2,253.677035254993,274.28473100615,252.252246379872,"value_alt_offset",2
"640","qw7q50m2o58ugvl",2,2,260.894520240569,289.281789154506,259.420070407715,"value_alt_offset",2
"641","qw7q50m2o58ugvl",1,3,287.562708572715,306.448501120903,287.286733487201,"value_alt_offset",3
"642","qw7q50m2o58ugvl",2,3,255.483249173494,289.525798037869,253.441134450128,"value_alt_offset",3
"643","r018cukle69r1bf",1,1,255.299038629647,286.875165652442,251.996983863897,"value_alt_offset",1
"644","r018cukle69r1bf",2,1,247.871760297145,251.040152144068,244.361057380428,"value_alt_offset",1
"645","r018cukle69r1bf",1,2,252.311178173661,297.443506993488,249.560851096964,"value_alt_offset",2
"646","r018cukle69r1bf",2,2,250.704908031032,267.831379514694,247.753518363314,"value_alt_offset",2
"647","r018cukle69r1bf",1,3,255.747166662591,285.323816252211,253.726945730917,"value_alt_offset",3
"648","r018cukle69r1bf",2,3,249.449066627653,256.162611136945,245.401173294113,"value_alt_offset",3
"649","re53t0m5rdemzxb",1,1,260.195144355485,303.113560267926,258.4874712768,"value_alt_offset",1
"650","re53t0m5rdemzxb",2,1,295.85479451877,379.735533544052,297.288251106465,"full_offset",1
"651","re53t0m5rdemzxb",1,2,285.606167824603,343.471663972959,292.834517909636,"full_offset",2
"652","re53t0m5rdemzxb",2,2,307.324138642441,343.690071365194,308.211335290529,"full_offset",2
"653","re53t0m5rdemzxb",1,3,288.003928372138,302.300914584671,289.775630116349,"full_offset",3
"654","re53t0m5rdemzxb",2,3,283.283076340859,322.486131871616,286.689690334103,"full_offset",3
"655","regcubm60dchcxr",1,1,248.283400259442,241.537239270557,244.984994006461,"perc_offset",1
"656","regcubm60dchcxr",2,1,251.143993578138,247.851212364496,247.896204903008,"perc_offset",1
"657","regcubm60dchcxr",1,2,254.28739227248,260.134243943469,252.984675284922,"value_alt_offset",2
"658","regcubm60dchcxr",2,2,265.532246836224,299.55640347687,263.843038379071,"value_alt_offset",2
"659","regcubm60dchcxr",1,3,277.088204181174,274.152932550405,275.468633958435,"perc_offset",3
"660","regcubm60dchcxr",2,3,268.290556218562,240.190863467121,253.993145917547,"perc_offset",3
"661","rf8fvjnsk6r07uc",1,1,248.304194955218,264.057938430887,245.154983159923,"value_alt_offset",1
"662","rf8fvjnsk6r07uc",2,1,248.723718157991,265.115574859159,246.06084053422,"value_alt_offset",1
"663","rf8fvjnsk6r07uc",1,2,250.243792974197,268.271825547547,246.844465005869,"value_alt_offset",2
"664","rf8fvjnsk6r07uc",2,2,252.181256472078,261.319466507085,248.884293439955,"value_alt_offset",2
"665","rf8fvjnsk6r07uc",1,3,252.985370705091,269.135280740011,250.341146193753,"value_alt_offset",3
"666","rf8fvjnsk6r07uc",2,3,251.888080979641,254.741669637537,248.644890919044,"value_alt_offset",3
"667","rn0an20lmaomk57",1,1,249.67991675909,284.400065069018,246.208696439963,"value_alt_offset",1
"668","rn0an20lmaomk57",2,1,247.458978513654,249.555240968349,243.883243174222,"value_alt_offset",1
"669","rn0an20lmaomk57",1,2,248.397144346621,257.867923127112,245.319501744854,"value_alt_offset",2
"670","rn0an20lmaomk57",2,2,248.200710488472,262.729575048058,244.720224767298,"value_alt_offset",2
"671","rn0an20lmaomk57",1,3,254.279889690763,306.328116884,251.654346100691,"value_alt_offset",3
"672","rn0an20lmaomk57",2,3,248.342114735752,244.241847178781,244.9592357283,"perc_offset",3
"673","rxol1dxl6nen4em",1,1,248.262811326637,241.360076447926,244.864712073185,"perc_offset",1
"674","rxol1dxl6nen4em",2,1,247.851865576043,265.734568556994,244.413947829967,"value_alt_offset",1
"675","rxol1dxl6nen4em",1,2,250.032001320418,273.900659835549,247.376979693338,"value_alt_offset",2
"676","rxol1dxl6nen4em",2,2,262.256878972487,287.845838980953,261.425435505769,"value_alt_offset",2
"677","rxol1dxl6nen4em",1,3,257.131185380104,289.702052785037,254.396703926159,"value_alt_offset",3
"678","rxol1dxl6nen4em",2,3,257.854706812234,277.589467292692,253.133717054075,"value_alt_offset",3
"679","ryf84f70g5thl4l",1,1,246.556718286216,239.833648493618,243.068414237716,"perc_offset",1
"680","ryf84f70g5thl4l",2,1,252.291206877025,260.17420423461,249.180314770936,"value_alt_offset",1
"681","ryf84f70g5thl4l",1,2,262.995908810174,284.502531580561,261.048174555936,"value_alt_offset",2
"682","ryf84f70g5thl4l",2,2,250.748705561485,257.446199844376,248.090871357729,"value_alt_offset",2
"683","ryf84f70g5thl4l",1,3,284.792581751705,344.725759353262,283.865534545556,"value_alt_offset",3
"684","ryf84f70g5thl4l",2,3,272.647771448732,334.000673431294,276.691664223531,"full_offset",3
"685","s79rv87vd0ov68q",1,1,248.167226556788,240.258307210644,244.583707618332,"perc_offset",1
"686","s79rv87vd0ov68q",2,1,250.395321927295,244.5724984704,247.652271803306,"perc_offset",1
"687","s79rv87vd0ov68q",1,2,275.67289840946,269.965294445619,271.97030895174,"perc_offset",2
"688","s79rv87vd0ov68q",2,2,259.55714534534,261.858138939372,255.973587055144,"value_alt_offset",2
"689","s79rv87vd0ov68q",1,3,305.70847398126,323.771819377953,315.943725666516,"full_offset",3
"690","s79rv87vd0ov68q",2,3,292.577795593843,309.301300061802,295.47672216622,"full_offset",3
"691","s7enbyv4of56b3e",1,1,252.24880653227,240.589484205809,249.929251458703,"perc_offset",1
"692","s7enbyv4of56b3e",2,1,248.348605204861,242.026832968541,245.387476319172,"perc_offset",1
"693","s7enbyv4of56b3e",1,2,265.525107095192,261.763623135725,258.730871907466,"value_alt_offset",2
"694","s7enbyv4of56b3e",2,2,255.874948849142,245.14423604477,251.726769355424,"perc_offset",2
"695","s7enbyv4of56b3e",1,3,273.178135923989,266.886132921593,280.844810460765,"perc_offset",3
"696","s7enbyv4of56b3e",2,3,266.136087967799,279.831001095955,268.22398818527,"full_offset",3
"697","sh3z56uk3q0ddzd",1,1,247.110812835832,242.756892842349,243.854488773209,"perc_offset",1
"698","sh3z56uk3q0ddzd",2,1,247.414998135722,248.711252535941,243.963363705908,"value_alt_offset",1
"699","sh3z56uk3q0ddzd",1,2,250.964743990285,270.805315331655,248.336257310182,"value_alt_offset",2
"700","sh3z56uk3q0ddzd",2,2,254.120559257337,257.783172122691,251.531220345032,"value_alt_offset",2
"701","sh3z56uk3q0ddzd",1,3,263.710237626676,329.403780885132,262.510793327695,"value_alt_offset",3
"702","sh3z56uk3q0ddzd",2,3,252.860616249741,253.538666916582,250.126628577136,"value_alt_offset",3
"703","ssbsk72ruz2tdg1",1,1,283.494369306663,283.493519489623,286.026957534514,"perc_offset",1
"704","ssbsk72ruz2tdg1",2,1,267.908866184742,263.697442209124,269.117771653263,"perc_offset",1
"705","ssbsk72ruz2tdg1",1,2,316.351591277131,346.615542273719,318.647038748625,"full_offset",2
"706","ssbsk72ruz2tdg1",2,2,322.210216874263,348.360661999708,333.607325967784,"full_offset",2
"707","ssbsk72ruz2tdg1",1,3,256.789484086131,239.180800140004,242.760227910442,"perc_offset",3
"708","ssbsk72ruz2tdg1",2,3,321.870680666493,374.99420038504,327.17568440644,"full_offset",3
"709","swmufx7egboodpe",1,1,246.405261543273,254.377535308318,242.827854280892,"value_alt_offset",1
"710","swmufx7egboodpe",2,1,246.390733466648,255.678827089517,242.809983546907,"value_alt_offset",1
"711","swmufx7egboodpe",1,2,246.595190034305,240.310057599881,243.039228855289,"perc_offset",2
"712","swmufx7egboodpe",2,2,246.511066104355,250.97485336323,242.958508352468,"value_alt_offset",2
"713","swmufx7egboodpe",1,3,246.516908934848,241.274332789847,243.028874741993,"perc_offset",3
"714","swmufx7egboodpe",2,3,246.663679978139,241.049324956208,243.5551534831,"perc_offset",3
"715","t53tjn7r8ydtmtq",1,1,248.693191107312,255.025372434893,245.424976771401,"value_alt_offset",1
"716","t53tjn7r8ydtmtq",2,1,247.117181234587,255.891216635581,243.569067298208,"value_alt_offset",1
"717","t53tjn7r8ydtmtq",1,2,251.265562553099,263.695028141644,247.78801987536,"value_alt_offset",2
"718","t53tjn7r8ydtmtq",2,2,256.880631050221,250.619518600736,253.997349501412,"perc_offset",2
"719","t53tjn7r8ydtmtq",1,3,263.645623953752,272.664294858657,261.546633093393,"value_alt_offset",3
"720","t53tjn7r8ydtmtq",2,3,289.370999942673,297.394048772043,283.139530260109,"value_alt_offset",3
"721","tk2emgkdo0xmkfn",1,1,251.105394457183,279.301235047336,247.437056918509,"value_alt_offset",1
"722","tk2emgkdo0xmkfn",2,1,247.422153215205,253.485937469585,243.919861592947,"value_alt_offset",1
"723","tk2emgkdo0xmkfn",1,2,261.274098200161,319.890520078766,261.684560932151,"full_offset",2
"724","tk2emgkdo0xmkfn",2,2,257.414980607119,294.758506743581,255.284331274616,"value_alt_offset",2
"725","tk2emgkdo0xmkfn",1,3,250.08550426324,281.468322609409,249.333796090131,"value_alt_offset",3
"726","tk2emgkdo0xmkfn",2,3,256.327560073166,301.584413162689,254.704004388336,"value_alt_offset",3
"727","u22e26jm4cy25av",1,1,248.836605988528,260.484168034356,245.162566526668,"value_alt_offset",1
"728","u22e26jm4cy25av",2,1,249.74768601629,260.119249742821,246.184280425005,"value_alt_offset",1
"729","u22e26jm4cy25av",1,2,249.059409295975,266.447915879688,245.91929014364,"value_alt_offset",2
"730","u22e26jm4cy25av",2,2,251.874549050667,264.931093970727,248.777071313556,"value_alt_offset",2
"731","u22e26jm4cy25av",1,3,256.443698518037,257.297383462092,252.768140544997,"value_alt_offset",3
"732","u22e26jm4cy25av",2,3,250.215016916204,247.062356925227,247.104217665153,"perc_offset",3
"733","u556z6wn629kwu5",1,1,249.629106487723,252.093424686534,246.208726387921,"value_alt_offset",1
"734","u556z6wn629kwu5",2,1,339.761489418622,300.366457465743,337.717873882891,"perc_offset",1
"735","u556z6wn629kwu5",1,2,272.732392397994,307.240227866271,272.768651523842,"full_offset",2
"736","u556z6wn629kwu5",2,2,298.283674826793,334.094411457955,299.196548961832,"full_offset",2
"737","u556z6wn629kwu5",1,3,305.323713409505,303.669909530127,308.20239873207,"perc_offset",3
"738","u556z6wn629kwu5",2,3,306.543720200993,365.970304345474,318.977480311408,"full_offset",3
"739","u5kwzdtotz39jwp",1,1,248.946928193711,243.075958130829,245.705730336601,"perc_offset",1
"740","u5kwzdtotz39jwp",2,1,247.169714273838,250.792025204397,243.717896736288,"value_alt_offset",1
"741","u5kwzdtotz39jwp",1,2,249.58606421143,271.824497120872,247.524025631262,"value_alt_offset",2
"742","u5kwzdtotz39jwp",2,2,249.793644431699,285.877788783912,247.895649506769,"value_alt_offset",2
"743","u5kwzdtotz39jwp",1,3,257.444129944823,291.021745943358,254.457801894618,"value_alt_offset",3
"744","u5kwzdtotz39jwp",2,3,284.903382028218,321.024945944207,285.825482843461,"full_offset",3
"745","uaf4fed1xj02ps4",1,1,255.951380694629,313.338492087987,253.921224780887,"value_alt_offset",1
"746","uaf4fed1xj02ps4",2,1,248.317097768459,266.84537342964,244.873754325845,"value_alt_offset",1
"747","uaf4fed1xj02ps4",1,2,255.449529613507,331.493303346628,252.371104581844,"value_alt_offset",2
"748","uaf4fed1xj02ps4",2,2,253.511981658478,305.761790723606,250.399143453471,"value_alt_offset",2
"749","uaf4fed1xj02ps4",1,3,255.694895113567,366.35628021094,252.446031486562,"value_alt_offset",3
"750","uaf4fed1xj02ps4",2,3,256.620043705248,320.950318756346,255.265822556485,"value_alt_offset",3
"751","ug2w7q3f6pgxf6e",1,1,275.253869294272,346.325972124768,272.53125288996,"value_alt_offset",1
"752","ug2w7q3f6pgxf6e",2,1,247.484379174114,260.839364824734,244.037160751644,"value_alt_offset",1
"753","ug2w7q3f6pgxf6e",1,2,250.024523733788,317.510769269726,246.502934705904,"value_alt_offset",2
"754","ug2w7q3f6pgxf6e",2,2,277.570703749757,316.96401339334,276.604734544281,"value_alt_offset",2
"755","ug2w7q3f6pgxf6e",1,3,256.08403300597,290.96998294953,254.352181021271,"value_alt_offset",3
"756","ug2w7q3f6pgxf6e",2,3,254.046371381853,288.23555466732,251.473500839825,"value_alt_offset",3
"757","unp160hltucmgwb",1,1,259.220554209754,273.593732304987,255.873504650199,"value_alt_offset",1
"758","unp160hltucmgwb",2,1,248.412970981021,271.672279232676,245.045706950053,"value_alt_offset",1
"759","unp160hltucmgwb",1,2,260.542347045278,259.48272493054,257.876939651866,"value_alt_offset",2
"760","unp160hltucmgwb",2,2,249.831887405466,259.027610123389,246.328579214363,"value_alt_offset",2
"761","unp160hltucmgwb",1,3,248.190389562522,252.66230763737,244.600752918129,"value_alt_offset",3
"762","unp160hltucmgwb",2,3,267.511310357334,273.188547454672,267.690826366336,"full_offset",3
"763","v2rgepeoz23lhyb",1,1,251.725545515378,296.646765091021,248.864641117275,"value_alt_offset",1
"764","v2rgepeoz23lhyb",2,1,252.722962324875,276.05562803706,249.388339279976,"value_alt_offset",1
"765","v2rgepeoz23lhyb",1,2,249.921190904965,300.074242675151,246.592979364911,"value_alt_offset",2
"766","v2rgepeoz23lhyb",2,2,267.234720474678,270.25298106322,265.891105431671,"value_alt_offset",2
"767","v2rgepeoz23lhyb",1,3,252.422036953578,315.666811503461,248.9024024068,"value_alt_offset",3
"768","v2rgepeoz23lhyb",2,3,255.899570613049,285.734349756596,252.858330480331,"value_alt_offset",3
"769","vnoz56ecccya7hk",1,1,251.072438846917,262.210006994469,248.131440116308,"value_alt_offset",1
"770","vnoz56ecccya7hk",2,1,248.36656164632,250.122084657845,245.163868847891,"value_alt_offset",1
"771","vnoz56ecccya7hk",1,2,254.594196772618,271.754579803286,251.627630485479,"value_alt_offset",2
"772","vnoz56ecccya7hk",2,2,253.432717426804,262.014685089602,250.234603409981,"value_alt_offset",2
"773","vnoz56ecccya7hk",1,3,265.446785709267,295.796109861049,265.465375136837,"full_offset",3
"774","vnoz56ecccya7hk",2,3,248.35219063097,247.610507255235,244.875288475505,"value_alt_offset",3
"775","wey1upork0e0epr",1,1,249.376218715815,239.298919787713,245.792699777359,"perc_offset",1
"776","wey1upork0e0epr",2,1,247.660685534746,240.658897814501,244.391873185267,"perc_offset",1
"777","wey1upork0e0epr",1,2,260.969042314806,247.802637304924,249.026097716939,"perc_offset",2
"778","wey1upork0e0epr",2,2,257.185953277432,246.831681346125,248.431695918607,"perc_offset",2
"779","wey1upork0e0epr",1,3,252.028452280721,241.501969526096,246.392200290502,"perc_offset",3
"780","wey1upork0e0epr",2,3,257.923952804193,250.913934051364,253.037240969415,"perc_offset",3
"781","wf4mq2s0e98ce4z",1,1,246.741133425141,273.574118684019,243.209222666802,"value_alt_offset",1
"782","wf4mq2s0e98ce4z",2,1,247.359444294083,265.163659255602,243.847847521361,"value_alt_offset",1
"783","wf4mq2s0e98ce4z",1,2,248.975305718618,297.859585885654,245.555133286376,"value_alt_offset",2
"784","wf4mq2s0e98ce4z",2,2,247.688981655124,252.612215862835,244.161697925053,"value_alt_offset",2
"785","wf4mq2s0e98ce4z",1,3,247.463265854314,255.121471859512,243.914673556056,"value_alt_offset",3
"786","wf4mq2s0e98ce4z",2,3,258.464279905245,316.942798612403,255.616644250202,"value_alt_offset",3
"787","ws44qtt9xen2xsl",1,1,252.203898952505,250.454806627256,248.939351196036,"value_alt_offset",1
"788","ws44qtt9xen2xsl",2,1,250.501188635232,250.800944063103,247.725822495108,"value_alt_offset",1
"789","ws44qtt9xen2xsl",1,2,262.902688421823,261.87778980529,262.965139421309,"perc_offset",2
"790","ws44qtt9xen2xsl",2,2,261.751741225584,284.467116429483,259.575754396708,"value_alt_offset",2
"791","ws44qtt9xen2xsl",1,3,261.270705121026,317.528546200802,259.435611138019,"value_alt_offset",3
"792","ws44qtt9xen2xsl",2,3,276.470615951109,310.831249126012,278.05609463187,"full_offset",3
"793","wwv18727elhq22u",1,1,246.451389177489,254.2730156363,242.900879037553,"value_alt_offset",1
"794","wwv18727elhq22u",2,1,246.488885354603,253.443063361436,242.914175789387,"value_alt_offset",1
"795","wwv18727elhq22u",1,2,247.002787634695,250.547158782298,243.550580071199,"value_alt_offset",2
"796","wwv18727elhq22u",2,2,246.92919469889,239.965129132755,243.403370958954,"perc_offset",2
"797","wwv18727elhq22u",1,3,246.67555863025,241.342461294445,243.144616439532,"perc_offset",3
"798","wwv18727elhq22u",2,3,246.682930505033,239.263560089514,243.194352811276,"perc_offset",3
"799","x0nfe7hwu2yt5az",1,1,247.602851253062,241.581441523463,245.558993474989,"perc_offset",1
"800","x0nfe7hwu2yt5az",2,1,249.066476880201,239.80445023287,245.482957941745,"perc_offset",1
"801","x0nfe7hwu2yt5az",1,2,259.996109354681,239.151127979431,242.750999493499,"perc_offset",2
"802","x0nfe7hwu2yt5az",2,2,263.298662122613,251.138763949996,251.739611905424,"perc_offset",2
"803","x0nfe7hwu2yt5az",1,3,257.087568982649,239.149869280581,242.732750819434,"perc_offset",3
"804","x0nfe7hwu2yt5az",2,3,321.543229855075,334.794615144291,321.081716707371,"value_alt_offset",3
"805","x0ztn8ulz4wsjnf",1,1,251.514033784422,275.282579195469,248.137378602604,"value_alt_offset",1
"806","x0ztn8ulz4wsjnf",2,1,247.800672281208,254.627504687556,244.249040691923,"value_alt_offset",1
"807","x0ztn8ulz4wsjnf",1,2,247.844885250341,258.434797730974,244.286554780807,"value_alt_offset",2
"808","x0ztn8ulz4wsjnf",2,2,248.754072070821,260.844508407881,245.232141794456,"value_alt_offset",2
"809","x0ztn8ulz4wsjnf",1,3,247.92543852513,253.272574430357,244.676898853996,"value_alt_offset",3
"810","x0ztn8ulz4wsjnf",2,3,248.206221847229,250.824523258433,244.596414548679,"value_alt_offset",3
"811","x31a150jh7x0sc3",1,1,309.597107041889,308.964770621721,306.80490118609,"value_alt_offset",1
"812","x31a150jh7x0sc3",2,1,315.373601219664,344.96929225651,321.17804642484,"full_offset",1
"813","x31a150jh7x0sc3",1,2,359.64231390783,370.518489572792,355.775074171573,"value_alt_offset",2
"814","x31a150jh7x0sc3",2,2,257.705140920396,268.350802273241,255.109885861598,"value_alt_offset",2
"815","x31a150jh7x0sc3",1,3,301.826919174443,327.734766155927,300.533065096945,"value_alt_offset",3
"816","x31a150jh7x0sc3",2,3,260.751080049656,307.505385630665,257.579948526351,"value_alt_offset",3
"817","x6cu75oy88jq32r",1,1,251.143498820103,317.601545165459,248.994367658046,"value_alt_offset",1
"818","x6cu75oy88jq32r",2,1,257.67253710907,261.505195520606,254.957410247405,"value_alt_offset",1
"819","x6cu75oy88jq32r",1,2,274.794158463224,321.959915954982,273.3993432536,"value_alt_offset",2
"820","x6cu75oy88jq32r",2,2,252.027029986486,302.889722150467,249.152991168793,"value_alt_offset",2
"821","x6cu75oy88jq32r",1,3,270.748288972528,332.295620494146,267.992862238086,"value_alt_offset",3
"822","x6cu75oy88jq32r",2,3,268.054041661477,333.214825239821,264.533414747587,"value_alt_offset",3
"823","y71fvh7ol8vycb2",1,1,246.391342130082,257.057802770272,242.824658222451,"value_alt_offset",1
"824","y71fvh7ol8vycb2",2,1,247.448701582691,254.568157534692,243.934335917985,"value_alt_offset",1
"825","y71fvh7ol8vycb2",1,2,246.52903452084,249.896048270443,242.967443746335,"value_alt_offset",2
"826","y71fvh7ol8vycb2",2,2,246.530479609415,246.659306939183,242.986234422131,"value_alt_offset",2
"827","y71fvh7ol8vycb2",1,3,250.548263754081,253.708067434721,247.119585092418,"value_alt_offset",3
"828","y71fvh7ol8vycb2",2,3,246.582213227743,241.577456096345,243.057328716802,"perc_offset",3
"829","zdzld8scpb2ydmo",1,1,251.78644995544,256.387364979919,249.603310602092,"value_alt_offset",1
"830","zdzld8scpb2ydmo",2,1,276.392425266345,287.712197231056,273.648935444936,"value_alt_offset",1
"831","zdzld8scpb2ydmo",1,2,259.826284848291,272.980851820266,260.794291454212,"full_offset",2
"832","zdzld8scpb2ydmo",2,2,252.799243771077,297.994242118167,250.482491374263,"value_alt_offset",2
"833","zdzld8scpb2ydmo",1,3,257.821217100459,295.602817779085,254.583518381116,"value_alt_offset",3
"834","zdzld8scpb2ydmo",2,3,264.03437811002,288.895514361101,260.442579524383,"value_alt_offset",3
"835","zqr31esvemh6qkz",1,1,277.565282419729,278.800576604056,286.040457869064,"full_offset",1
"836","zqr31esvemh6qkz",2,1,292.964750083718,290.92662686173,296.889826479221,"perc_offset",1
"837","zqr31esvemh6qkz",1,2,254.010495810148,258.73890752757,251.368601058737,"value_alt_offset",2
"838","zqr31esvemh6qkz",2,2,253.2837086913,269.345233286416,249.642653232402,"value_alt_offset",2
"839","zqr31esvemh6qkz",1,3,276.882008858779,289.043770602456,274.708023218267,"value_alt_offset",3
"840","zqr31esvemh6qkz",2,3,258.042001203083,260.054225914037,255.472900421078,"value_alt_offset",3
