"","sub","rr","pu","lambda","omega","offset","model"
"1","1qs0vvu9krr584a","25","high",0.0617283950617287,0.5,-0.00535714510892549,"value_alt"
"2","1qs0vvu9krr584a","25","low",5,0.5,0,"value_alt"
"3","1qs0vvu9krr584a","50","high",0.0617283950617287,0.5,0.000357140141393986,"value_alt"
"4","1qs0vvu9krr584a","50","low",5,0.5,0,"value_alt"
"5","1qs0vvu9krr584a","75","high",0.609452062107226,0.5,-0.00868770004638153,"value_alt"
"6","1qs0vvu9krr584a","75","low",5,0.5,0,"value_alt"
"7","1tq0jt4dd31u8lq","25","high",5,0.5,0,"value_alt"
"8","1tq0jt4dd31u8lq","25","low",5,0.5,0,"value_alt"
"9","1tq0jt4dd31u8lq","50","high",1.89300411522656,0.5,-0.0389676370481161,"value_alt"
"10","1tq0jt4dd31u8lq","50","low",1.41289437585751,0.5,0.00137174211247792,"value_alt"
"11","1tq0jt4dd31u8lq","75","high",1.60493827160498,0.5,0.0367322054564228,"value_alt"
"12","1tq0jt4dd31u8lq","75","low",1.65145331280313,0.5,0.0041152263374018,"value_alt"
"13","22260uys7arz8j6","25","high",2.62473034821858,0.166666666666667,0.0206306022187848,"value_alt"
"14","22260uys7arz8j6","25","low",5,0.5,0,"value_alt"
"15","22260uys7arz8j6","50","high",3.8271604938265,0.166666666666667,-0.0889118982855591,"value_alt"
"16","22260uys7arz8j6","50","low",5,0.5,0,"value_alt"
"17","22260uys7arz8j6","75","high",5,0.5,0,"value_alt"
"18","22260uys7arz8j6","75","low",2.81400838611816,0.166666666666667,-0.069434556931758,"value_alt"
"19","2bqu5ktkg43fh3p","25","high",1.59122085046857,0.5,0.023319615912242,"value_alt"
"20","2bqu5ktkg43fh3p","25","low",0.740740740740958,0.5,-0.00167657369535124,"value_alt"
"21","2bqu5ktkg43fh3p","50","high",5,0.5,0,"value_alt"
"22","2bqu5ktkg43fh3p","50","low",5,0.5,0,"value_alt"
"23","2bqu5ktkg43fh3p","75","high",5,0.5,0,"value_alt"
"24","2bqu5ktkg43fh3p","75","low",4.27983539094453,0.5,-0.520804755371651,"value_alt"
"25","2mzs709cn5dlwj2","25","high",9.99999999999935,0.166666666666667,0.00995220811082831,"value_alt"
"26","2mzs709cn5dlwj2","25","low",9.99999999999936,0.166666666666667,0.00253165177495007,"value_alt"
"27","2mzs709cn5dlwj2","50","high",5,0.5,0,"value_alt"
"28","2mzs709cn5dlwj2","50","low",9.99999999999993,0.166666666666667,0.00462195482903316,"value_alt"
"29","2mzs709cn5dlwj2","75","high",9.99999999999993,0.5,0.023319615912514,"value_alt"
"30","2mzs709cn5dlwj2","75","low",9.99999999999978,0.5,0.0175814340235787,"value_alt"
"31","2nzfnkk2uulwmkz","25","high",4.52674897119407,0.5,0.00172159196642307,"value_alt"
"32","2nzfnkk2uulwmkz","25","low",0.95790113206945,0.5,0.151306814147163,"value_alt"
"33","2nzfnkk2uulwmkz","50","high",2.22222222222215,0.5,-0.0370370370370363,"value_alt"
"34","2nzfnkk2uulwmkz","50","low",1.25285779606571,0.5,0.181832037799247,"value_alt"
"35","2nzfnkk2uulwmkz","75","high",2.02103337905858,0.5,-0.0398821317971441,"value_alt"
"36","2nzfnkk2uulwmkz","75","low",2.74805669867347,0.5,-0.271757354061837,"value_alt"
"37","2qu63bjtm9kxnnb","25","high",2.30395179213998,0.5,-0.012345679012331,"value_alt"
"38","2qu63bjtm9kxnnb","25","low",2.38700062673359,0.5,0.0370370370370339,"value_alt"
"39","2qu63bjtm9kxnnb","50","high",4.16325032054182,0.166666666666667,-0.202156844448318,"value_alt"
"40","2qu63bjtm9kxnnb","50","low",2.49882865647969,0.5,0.0259159110452758,"value_alt"
"41","2qu63bjtm9kxnnb","75","high",2.79225727785352,0.5,0.111111111111242,"value_alt"
"42","2qu63bjtm9kxnnb","75","low",2.83950617283949,0.5,-0.037037037037036,"value_alt"
"43","2usnf1r3h88bett","25","high",1.41045233929277,0.166666666666667,0.139884632344953,"value_alt"
"44","2usnf1r3h88bett","25","low",1.30226152894981,0.166666666666667,0.00181318734003733,"value_alt"
"45","2usnf1r3h88bett","50","high",4.6049599215431,0.166666666666667,0.00454024592461932,"value_alt"
"46","2usnf1r3h88bett","50","low",1.20481453195279,0.166666666666667,0.0571255537682944,"value_alt"
"47","2usnf1r3h88bett","75","high",4.86358788060897,0.166666666666667,-0.02216202699929,"value_alt"
"48","2usnf1r3h88bett","75","low",5,0.5,0,"value_alt"
"49","34aswcgc3uv5ln0","25","high",5,0.5,0,"value_alt"
"50","34aswcgc3uv5ln0","25","low",0.778711538443486,0.166666666666667,0.0964672160124189,"value_alt"
"51","34aswcgc3uv5ln0","50","high",1.90156134204869,0.166666666666667,0.0666636262148406,"value_alt"
"52","34aswcgc3uv5ln0","50","low",2.9495731545806,0.166666666666667,0.106025332077881,"value_alt"
"53","34aswcgc3uv5ln0","75","high",5,0.5,0,"value_alt"
"54","34aswcgc3uv5ln0","75","low",3.33733305757987,0.166666666666667,-0.165435313360518,"value_alt"
"55","35q8u5ekgfaq26g","25","high",6.2962962963022,0.166666666666667,0.278377392351624,"value_alt"
"56","35q8u5ekgfaq26g","25","low",5,0.5,0,"value_alt"
"57","35q8u5ekgfaq26g","50","high",8.88888888888896,0.166666666666667,-0.35962632457491,"value_alt"
"58","35q8u5ekgfaq26g","50","low",4.9657064471864,0.5,-0.0743203753174355,"value_alt"
"59","35q8u5ekgfaq26g","75","high",5,0.5,0,"value_alt"
"60","35q8u5ekgfaq26g","75","low",5.26967133345532,0.388888888888889,-0.285618982649949,"value_alt"
"61","3jrram86yd3uhgb","25","high",1.81069958847729,0.5,-0.00265880878558855,"value_alt"
"62","3jrram86yd3uhgb","25","low",1.35802469135781,0.5,-0.0101779876772837,"value_alt"
"63","3jrram86yd3uhgb","50","high",3.33333333333331,0.5,-0.0781893004115176,"value_alt"
"64","3jrram86yd3uhgb","50","low",1.11111111111112,0.5,0.0123456790123457,"value_alt"
"65","3jrram86yd3uhgb","75","high",1.3841953253402,0.5,0.0417901517775352,"value_alt"
"66","3jrram86yd3uhgb","75","low",1.2937779858573,0.5,0.0850649460629249,"value_alt"
"67","3t9q259awsqqnjn","25","high",2.59259259259268,0.166666666666667,-0.0292205530804226,"value_alt"
"68","3t9q259awsqqnjn","25","low",5,0.5,0,"value_alt"
"69","3t9q259awsqqnjn","50","high",5.39730947218953,0.166666666666667,-0.0143993554593169,"value_alt"
"70","3t9q259awsqqnjn","50","low",2.04512174109615,0.166666666666667,-0.00556539486480268,"value_alt"
"71","3t9q259awsqqnjn","75","high",5.1577836702039,0.166666666666667,-0.057616090614115,"value_alt"
"72","3t9q259awsqqnjn","75","low",5,0.5,0,"value_alt"
"73","4g3g9s2nj7eh7g9","25","high",5,0.5,0,"value_alt"
"74","4g3g9s2nj7eh7g9","25","low",2.18106995884766,0.5,-0.0272806134509082,"value_alt"
"75","4g3g9s2nj7eh7g9","50","high",5,0.5,0,"value_alt"
"76","4g3g9s2nj7eh7g9","50","low",1.01712137375662,0.5,-0.00766525314941913,"value_alt"
"77","4g3g9s2nj7eh7g9","75","high",5,0.5,0,"value_alt"
"78","4g3g9s2nj7eh7g9","75","low",0.925323273270964,0.5,-0.00550041808429791,"value_alt"
"79","4ns4fa2xqw95lgx","25","high",6.66666666666819,0.166666666666667,0.0129516228949202,"value_alt"
"80","4ns4fa2xqw95lgx","25","low",5,0.5,0,"value_alt"
"81","4ns4fa2xqw95lgx","50","high",5.10288065843818,0.166666666666667,0.0422552567192771,"value_alt"
"82","4ns4fa2xqw95lgx","50","low",5,0.5,0,"value_alt"
"83","4ns4fa2xqw95lgx","75","high",5,0.5,0,"value_alt"
"84","4ns4fa2xqw95lgx","75","low",8.1755829903801,0.166666666666667,-0.0208997466396263,"value_alt"
"85","4tcxev3874jk89a","25","high",2.56832630156041,0.166666666666667,-0.0167993059691661,"value_alt"
"86","4tcxev3874jk89a","25","low",5,0.5,0,"value_alt"
"87","4tcxev3874jk89a","50","high",3.01630848957722,0.166666666666667,0.0126727370252668,"value_alt"
"88","4tcxev3874jk89a","50","low",2.13991769547522,0.166666666666667,-0.145185354310619,"value_alt"
"89","4tcxev3874jk89a","75","high",9.99999999999978,0.166666666666667,-0.354649219844247,"value_alt"
"90","4tcxev3874jk89a","75","low",0.630441605270908,0.166666666666667,0.28259866761977,"value_alt"
"91","57znvber9kc1tnj","25","high",1.72205381215326,0.5,-0.0370370370370191,"value_alt"
"92","57znvber9kc1tnj","25","low",0.941929583904626,0.5,-0.00411522633740913,"value_alt"
"93","57znvber9kc1tnj","50","high",1.29018003586007,0.5,-0.00411522633757966,"value_alt"
"94","57znvber9kc1tnj","50","low",1.12787684804167,0.5,0.0342935528120283,"value_alt"
"95","57znvber9kc1tnj","75","high",2.22222222222287,0.5,-0.194330132602132,"value_alt"
"96","57znvber9kc1tnj","75","low",0.674969653011476,0.5,0.0370370370370412,"value_alt"
"97","5cp1qjka53bl73q","25","high",0.919067215362856,0.5,-0.000990097392715938,"value_alt"
"98","5cp1qjka53bl73q","25","low",0.24691358026316,0.5,0.107487799903115,"value_alt"
"99","5cp1qjka53bl73q","50","high",0.5547934766245,0.5,0.0559365950029482,"value_alt"
"100","5cp1qjka53bl73q","50","low",5,0.5,0,"value_alt"
"101","5cp1qjka53bl73q","75","high",2.23593964334771,0.5,-0.135838848384451,"value_alt"
"102","5cp1qjka53bl73q","75","low",0.584768582027988,0.5,-0.0041152263374632,"value_alt"
"103","5jwar0bvwr53h40","25","high",5,0.5,0,"value_alt"
"104","5jwar0bvwr53h40","25","low",1.56378600823048,0.5,0.00224974608504747,"value_alt"
"105","5jwar0bvwr53h40","50","high",2.59259259259267,0.5,0.0116870922221162,"value_alt"
"106","5jwar0bvwr53h40","50","low",4.04266222223472,0.166666666666667,0.0835926310546782,"value_alt"
"107","5jwar0bvwr53h40","75","high",2.83950617283929,0.5,0.0699588477366686,"value_alt"
"108","5jwar0bvwr53h40","75","low",6.79012345679034,0.166666666666667,0.0113916225338537,"value_alt"
"109","5o4n9abwu4u5bb5","25","high",1.11111111111102,0.5,-0.00855221933549111,"value_alt"
"110","5o4n9abwu4u5bb5","25","low",0.745313214447052,0.5,-0.00299751053933794,"value_alt"
"111","5o4n9abwu4u5bb5","50","high",0.727023319615257,0.5,-0.000994151884277872,"value_alt"
"112","5o4n9abwu4u5bb5","50","low",2.18106995884747,0.5,-0.0370370370370363,"value_alt"
"113","5o4n9abwu4u5bb5","75","high",2.16565902893747,0.5,-0.0169181527203158,"value_alt"
"114","5o4n9abwu4u5bb5","75","low",5,0.5,0,"value_alt"
"115","5pgqs0v0feqyejp","25","high",1.48148148148146,0.5,0.0656255743905314,"value_alt"
"116","5pgqs0v0feqyejp","25","low",1.2802926383582,0.5,0.0123456790123024,"value_alt"
"117","5pgqs0v0feqyejp","50","high",1.08367626886216,0.5,0.00407006609108751,"value_alt"
"118","5pgqs0v0feqyejp","50","low",1.31687242798347,0.5,0.0205761316872559,"value_alt"
"119","5pgqs0v0feqyejp","75","high",1.58207590306378,0.5,0.026063100136694,"value_alt"
"120","5pgqs0v0feqyejp","75","low",1.39917695473254,0.5,-0.0123456790123511,"value_alt"
"121","6be4c2orpqft8ul","25","high",1.17300129420878,0.166666666666667,0.183683924882431,"value_alt"
"122","6be4c2orpqft8ul","25","low",5,0.5,0,"value_alt"
"123","6be4c2orpqft8ul","50","high",2.66093232024816,0.166666666666667,-0.0534979423864379,"value_alt"
"124","6be4c2orpqft8ul","50","low",5,0.5,0,"value_alt"
"125","6be4c2orpqft8ul","75","high",2.50486358505422,0.166666666666667,-0.0521291118678392,"value_alt"
"126","6be4c2orpqft8ul","75","low",2.89593404803121,0.166666666666667,-0.111587268742057,"value_alt"
"127","6wyn194o3vd7jmv","25","high",0.95564700487039,0.5,-0.000344346774817095,"value_alt"
"128","6wyn194o3vd7jmv","25","low",0.665548950877163,0.5,-0.00068464393777401,"value_alt"
"129","6wyn194o3vd7jmv","50","high",0.92516384699225,0.5,-0.00872596089862732,"value_alt"
"130","6wyn194o3vd7jmv","50","low",0.80253573011603,0.5,-0.00555798459877299,"value_alt"
"131","6wyn194o3vd7jmv","75","high",3.70370370370392,0.5,-0.493106478521982,"value_alt"
"132","6wyn194o3vd7jmv","75","low",0.924317092743457,0.5,-0.0207906428250254,"value_alt"
"133","70kcrqfjf2xhh4m","25","high",1.07382028092307,0.166666666666667,0.135799207391257,"value_alt"
"134","70kcrqfjf2xhh4m","25","low",5,0.5,0,"value_alt"
"135","70kcrqfjf2xhh4m","50","high",1.89880924186227,0.166666666666667,0.0539586640189285,"value_alt"
"136","70kcrqfjf2xhh4m","50","low",2.28979322252475,0.166666666666667,0.012347885938037,"value_alt"
"137","70kcrqfjf2xhh4m","75","high",5,0.5,0,"value_alt"
"138","70kcrqfjf2xhh4m","75","low",2.82633222810498,0.166666666666667,-0.13376060415176,"value_alt"
"139","7bwng7h1w9q6djl","25","high",2.22222222222419,0.166666666666667,0.00931648710961275,"value_alt"
"140","7bwng7h1w9q6djl","25","low",1.06039633075634,0.166666666666667,0.0574855055398646,"value_alt"
"141","7bwng7h1w9q6djl","50","high",3.7080398808977,0.166666666666667,-0.00635043336595453,"value_alt"
"142","7bwng7h1w9q6djl","50","low",2.78389137632291,0.166666666666667,0.0054893690085811,"value_alt"
"143","7bwng7h1w9q6djl","75","high",2.945171712382,0.166666666666667,-0.0701035665274051,"value_alt"
"144","7bwng7h1w9q6djl","75","low",5,0.5,0,"value_alt"
"145","7pjw0pz87exlgmd","25","high",1.16863605155265,0.166666666666667,0.0768174355498383,"value_alt"
"146","7pjw0pz87exlgmd","25","low",1.15905370976319,0.166666666666667,0.176176936435072,"value_alt"
"147","7pjw0pz87exlgmd","50","high",2.58779431819153,0.166666666666667,0.00825952167420319,"value_alt"
"148","7pjw0pz87exlgmd","50","low",1.33287577622153,0.166666666666667,0.0349126140305915,"value_alt"
"149","7pjw0pz87exlgmd","75","high",3.8101151511375,0.166666666666667,0.00558187652623943,"value_alt"
"150","7pjw0pz87exlgmd","75","low",2.83774822502999,0.166666666666667,-0.0696213771913907,"value_alt"
"151","85aq8xl8ayntz3l","25","high",3.65865637156727,0.166666666666667,0.000109540441079359,"value_alt"
"152","85aq8xl8ayntz3l","25","low",1.29102446719318,0.166666666666667,0.176954732513829,"value_alt"
"153","85aq8xl8ayntz3l","50","high",5,0.5,0,"value_alt"
"154","85aq8xl8ayntz3l","50","low",3.09471794595322,0.166666666666667,0.0313827404896669,"value_alt"
"155","85aq8xl8ayntz3l","75","high",5.92592592592527,0.388888888888889,-0.251772750378661,"value_alt"
"156","85aq8xl8ayntz3l","75","low",7.42112482853813,0.166666666666667,-0.0314103374474674,"value_alt"
"157","8epzoljwn0gbtge","25","high",1.76286558020285,0.388888888888889,0.348020065608868,"value_alt"
"158","8epzoljwn0gbtge","25","low",1.03134684737408,0.166666666666667,0.437178757662644,"value_alt"
"159","8epzoljwn0gbtge","50","high",2.40767397680004,0.388888888888889,0.419225547636606,"value_alt"
"160","8epzoljwn0gbtge","50","low",2.19810394436831,0.166666666666667,-0.0131365174132542,"value_alt"
"161","8epzoljwn0gbtge","75","high",4.76375028528757,0.388888888888889,-0.299890608005505,"value_alt"
"162","8epzoljwn0gbtge","75","low",5,0.5,0,"value_alt"
"163","8es63ovt8uw2mgg","25","high",5,0.5,0,"value_alt"
"164","8es63ovt8uw2mgg","25","low",0.96631611465099,0.5,0.0866674125057263,"value_alt"
"165","8es63ovt8uw2mgg","50","high",1.50195133186269,0.5,0.0614009835210696,"value_alt"
"166","8es63ovt8uw2mgg","50","low",0.939470861160621,0.5,-0.0106563517665316,"value_alt"
"167","8es63ovt8uw2mgg","75","high",1.27572016460908,0.5,-0.111111111111113,"value_alt"
"168","8es63ovt8uw2mgg","75","low",1.03822123899823,0.5,0.0122478318064754,"value_alt"
"169","8le0rzndxgpur8r","25","high",3.53909465020598,0.5,0.00259106843119783,"value_alt"
"170","8le0rzndxgpur8r","25","low",5,0.5,0,"value_alt"
"171","8le0rzndxgpur8r","50","high",9.99999999999935,0.5,0.00681785314742345,"value_alt"
"172","8le0rzndxgpur8r","50","low",5,0.5,0,"value_alt"
"173","8le0rzndxgpur8r","75","high",5.14403292181049,0.5,-0.00349695578930043,"value_alt"
"174","8le0rzndxgpur8r","75","low",2.1627800640166,0.5,-0.0913321830203038,"value_alt"
"175","96deaxjjts0yvax","25","high",5,0.5,0,"value_alt"
"176","96deaxjjts0yvax","25","low",9.99999999999934,0.5,0.00279522467714344,"value_alt"
"177","96deaxjjts0yvax","50","high",9.99999999999997,0.166666666666667,0.000808010361949663,"value_alt"
"178","96deaxjjts0yvax","50","low",9.75308641975258,0.5,0.0146346517125218,"value_alt"
"179","96deaxjjts0yvax","75","high",9.99999999999993,0.166666666666667,0.00523401101964205,"value_alt"
"180","96deaxjjts0yvax","75","low",9.99999999999979,0.5,0.0176803341507905,"value_alt"
"181","9h1m4d4lp6ksfjt","25","high",5,0.5,0,"value_alt"
"182","9h1m4d4lp6ksfjt","25","low",1.26697453783865,0.166666666666667,-0.0217178308984595,"value_alt"
"183","9h1m4d4lp6ksfjt","50","high",5,0.5,0,"value_alt"
"184","9h1m4d4lp6ksfjt","50","low",1.24408820748615,0.166666666666667,0.0352080475500987,"value_alt"
"185","9h1m4d4lp6ksfjt","75","high",2.26769243954718,0.166666666666667,-0.201646090534586,"value_alt"
"186","9h1m4d4lp6ksfjt","75","low",1.5033461614365,0.166666666666667,-0.039405670131632,"value_alt"
"187","9ho9tv1b4jdy3p6","25","high",5,0.5,0,"value_alt"
"188","9ho9tv1b4jdy3p6","25","low",5,0.5,0,"value_alt"
"189","9ho9tv1b4jdy3p6","50","high",3.3333333333334,0.166666666666667,-0.0959643516026171,"value_alt"
"190","9ho9tv1b4jdy3p6","50","low",5,0.5,0,"value_alt"
"191","9ho9tv1b4jdy3p6","75","high",7.09529375200391,0.166666666666667,-0.0117765273895982,"value_alt"
"192","9ho9tv1b4jdy3p6","75","low",3.1405041108534,0.166666666666667,-0.424800060931556,"value_alt"
"193","9jfa3uck1pm1a27","25","high",5,0.5,0,"value_alt"
"194","9jfa3uck1pm1a27","25","low",1.9117768833336,0.166666666666667,0.035764529049813,"value_alt"
"195","9jfa3uck1pm1a27","50","high",3.83371426439983,0.166666666666667,0.0365643129421875,"value_alt"
"196","9jfa3uck1pm1a27","50","low",1.58248944608903,0.166666666666667,0.0425109367865553,"value_alt"
"197","9jfa3uck1pm1a27","75","high",3.82395091912656,0.166666666666667,-0.0159053900734809,"value_alt"
"198","9jfa3uck1pm1a27","75","low",5.06172839506369,0.166666666666667,0.00591313895373746,"value_alt"
"199","9oe8onshjdy2khe","25","high",5,0.5,0,"value_alt"
"200","9oe8onshjdy2khe","25","low",0.905349794238756,0.5,0.00411522633744421,"value_alt"
"201","9oe8onshjdy2khe","50","high",1.23456790123458,0.5,0.0370370370370294,"value_alt"
"202","9oe8onshjdy2khe","50","low",5,0.5,0,"value_alt"
"203","9oe8onshjdy2khe","75","high",1.39917695473346,0.5,0.0425240054869285,"value_alt"
"204","9oe8onshjdy2khe","75","low",5,0.5,0,"value_alt"
"205","9p57f5mpldrqae2","25","high",5,0.5,0,"value_alt"
"206","9p57f5mpldrqae2","25","low",0.987654320993561,0.166666666666667,0.0889919737119664,"value_alt"
"207","9p57f5mpldrqae2","50","high",2.66405800409483,0.166666666666667,-0.0886511453297818,"value_alt"
"208","9p57f5mpldrqae2","50","low",2.35117527560604,0.166666666666667,-0.0658459599435383,"value_alt"
"209","9p57f5mpldrqae2","75","high",5.17674966075426,0.166666666666667,-0.0180706291968982,"value_alt"
"210","9p57f5mpldrqae2","75","low",1.76954732510104,0.5,0.0370370370374304,"value_alt"
"211","a39zpu2zr3xl47k","25","high",9.99999999999804,0.166666666666667,0.0029693312840835,"value_alt"
"212","a39zpu2zr3xl47k","25","low",5,0.5,0,"value_alt"
"213","a39zpu2zr3xl47k","50","high",5,0.5,0,"value_alt"
"214","a39zpu2zr3xl47k","50","low",9.99999999999935,0.166666666666667,0.00726593419221322,"value_alt"
"215","a39zpu2zr3xl47k","75","high",9.99999999999983,0.166666666666667,0.0107007007477968,"value_alt"
"216","a39zpu2zr3xl47k","75","low",5,0.5,0,"value_alt"
"217","ajztaxb5eyxtfch","25","high",1.63237311385437,0.166666666666667,0.0508675207874101,"value_alt"
"218","ajztaxb5eyxtfch","25","low",5,0.5,0,"value_alt"
"219","ajztaxb5eyxtfch","50","high",5,0.5,0,"value_alt"
"220","ajztaxb5eyxtfch","50","low",1.65177749638938,0.166666666666667,0.0443911164045103,"value_alt"
"221","ajztaxb5eyxtfch","75","high",3.18497673725253,0.166666666666667,0.0109917883472139,"value_alt"
"222","ajztaxb5eyxtfch","75","low",5,0.5,0,"value_alt"
"223","as5hvtlqa9ouc2z","25","high",1.60493827158767,0.166666666666667,0.0933890878150048,"value_alt"
"224","as5hvtlqa9ouc2z","25","low",1.19751966801728,0.166666666666667,0.0454596091328561,"value_alt"
"225","as5hvtlqa9ouc2z","50","high",3.33451309798951,0.166666666666667,-0.0168606880899667,"value_alt"
"226","as5hvtlqa9ouc2z","50","low",3.41602089351552,0.166666666666667,-0.00603040899066609,"value_alt"
"227","as5hvtlqa9ouc2z","75","high",5,0.5,0,"value_alt"
"228","as5hvtlqa9ouc2z","75","low",3.38145700040958,0.166666666666667,-0.141191897763515,"value_alt"
"229","au7m9jjmgy8d4gj","25","high",1.27572016463856,0.5,-0.111111111111187,"value_alt"
"230","au7m9jjmgy8d4gj","25","low",5,0.5,0,"value_alt"
"231","au7m9jjmgy8d4gj","50","high",0.655017021555215,0.5,0.015495605334092,"value_alt"
"232","au7m9jjmgy8d4gj","50","low",1.16474752320082,0.5,0.0491791691940631,"value_alt"
"233","au7m9jjmgy8d4gj","75","high",0.969364425959811,0.5,0.0370370370404494,"value_alt"
"234","au7m9jjmgy8d4gj","75","low",0.498721889537484,0.5,0.0104264387524393,"value_alt"
"235","b3jqszmpuje1kzj","25","high",1.4546267549203,0.166666666666667,0.0386764213548707,"value_alt"
"236","b3jqszmpuje1kzj","25","low",3.33333333333341,0.166666666666667,-0.00775693788118936,"value_alt"
"237","b3jqszmpuje1kzj","50","high",3.19199420297051,0.166666666666667,-0.00283451709751981,"value_alt"
"238","b3jqszmpuje1kzj","50","low",3.07830972722461,0.166666666666667,-0.0269715930738442,"value_alt"
"239","b3jqszmpuje1kzj","75","high",5.14403292181223,0.166666666666667,-0.0208665156676927,"value_alt"
"240","b3jqszmpuje1kzj","75","low",5,0.5,0,"value_alt"
"241","bdov3ye1qvundbp","25","high",2.06418116443788,0.166666666666667,0.0894320537600684,"value_alt"
"242","bdov3ye1qvundbp","25","low",1.1528033777618,0.166666666666667,0.0335988889838923,"value_alt"
"243","bdov3ye1qvundbp","50","high",2.41355127409225,0.166666666666667,-0.172493830655978,"value_alt"
"244","bdov3ye1qvundbp","50","low",5,0.5,0,"value_alt"
"245","bdov3ye1qvundbp","75","high",3.08110107465041,0.166666666666667,-0.444865614735179,"value_alt"
"246","bdov3ye1qvundbp","75","low",3.3006856054438,0.166666666666667,-0.40880852845137,"value_alt"
"247","brsvshywlogvxcq","25","high",1.31687242798288,0.5,-0.00137174211244151,"value_alt"
"248","brsvshywlogvxcq","25","low",5,0.5,0,"value_alt"
"249","brsvshywlogvxcq","50","high",0.68751465800772,0.5,-0.0014566550196069,"value_alt"
"250","brsvshywlogvxcq","50","low",0.553017899370831,0.5,-0.00175878152897602,"value_alt"
"251","brsvshywlogvxcq","75","high",0.946502057613129,0.5,-0.0370370370370352,"value_alt"
"252","brsvshywlogvxcq","75","low",0.768175582990492,0.5,-0.0370370370370517,"value_alt"
"253","bx1xq7e3jhb986v","25","high",3.25052075394416,0.5,-0.0887567952035995,"value_alt"
"254","bx1xq7e3jhb986v","25","low",1.92983584045809,0.166666666666667,0.0277940643454198,"value_alt"
"255","bx1xq7e3jhb986v","50","high",2.02034470871777,0.166666666666667,0.0609308869051579,"value_alt"
"256","bx1xq7e3jhb986v","50","low",5,0.5,0,"value_alt"
"257","bx1xq7e3jhb986v","75","high",3.49191657261862,0.166666666666667,-0.00389051700360643,"value_alt"
"258","bx1xq7e3jhb986v","75","low",3.07211478911084,0.166666666666667,-0.154993826337795,"value_alt"
"259","c2se350v0tr4hzv","25","high",2.97668038409238,0.166666666666667,-0.0170695199826985,"value_alt"
"260","c2se350v0tr4hzv","25","low",5,0.5,0,"value_alt"
"261","c2se350v0tr4hzv","50","high",2.97331014846421,0.166666666666667,-0.0554726675800568,"value_alt"
"262","c2se350v0tr4hzv","50","low",3.33333333333341,0.166666666666667,-0.0354938929366542,"value_alt"
"263","c2se350v0tr4hzv","75","high",3.23390155450843,0.166666666666667,-0.182401917313155,"value_alt"
"264","c2se350v0tr4hzv","75","low",4.44444444444466,0.166666666666667,-0.0612670637137355,"value_alt"
"265","cavjhtxfs1z091j","25","high",0.864197530864222,0.5,0.00919575267661132,"value_alt"
"266","cavjhtxfs1z091j","25","low",0.905349794238756,0.5,0.00339912849824198,"value_alt"
"267","cavjhtxfs1z091j","50","high",0.905330977310021,0.5,-0.00279428948485039,"value_alt"
"268","cavjhtxfs1z091j","50","low",0.538479343343153,0.5,0.00261992079588991,"value_alt"
"269","cavjhtxfs1z091j","75","high",0.828539062602486,0.5,-0.0463852055061104,"value_alt"
"270","cavjhtxfs1z091j","75","low",5,0.5,0,"value_alt"
"271","cl4vc26ycu0woo2","25","high",5,0.5,0,"value_alt"
"272","cl4vc26ycu0woo2","25","low",1.12940100594618,0.5,0.0112605788248141,"value_alt"
"273","cl4vc26ycu0woo2","50","high",2.64746227709213,0.5,-0.146776406035709,"value_alt"
"274","cl4vc26ycu0woo2","50","low",1.06386221612362,0.5,0.0014102120292212,"value_alt"
"275","cl4vc26ycu0woo2","75","high",1.15226337448581,0.5,-0.0123456790127101,"value_alt"
"276","cl4vc26ycu0woo2","75","low",0.773500727068974,0.5,-0.00411522633743389,"value_alt"
"277","djb1vpwld9c7hmk","25","high",5,0.5,0,"value_alt"
"278","djb1vpwld9c7hmk","25","low",1.23456790123459,0.5,0.251028806584352,"value_alt"
"279","djb1vpwld9c7hmk","50","high",1.35802469135795,0.5,0.259259259259273,"value_alt"
"280","djb1vpwld9c7hmk","50","low",1.27572016459134,0.5,0.120303728311666,"value_alt"
"281","djb1vpwld9c7hmk","75","high",1.29002717883442,0.5,0.0480109739364982,"value_alt"
"282","djb1vpwld9c7hmk","75","low",5,0.5,0,"value_alt"
"283","ds2ot3x1v6q63xg","25","high",4.70902696200286,0.166666666666667,-0.0462407053197093,"value_alt"
"284","ds2ot3x1v6q63xg","25","low",9.99999999999804,0.166666666666667,-0.00218082614676962,"value_alt"
"285","ds2ot3x1v6q63xg","50","high",9.99999999999993,0.5,0.0100329430519248,"value_alt"
"286","ds2ot3x1v6q63xg","50","low",5,0.5,0,"value_alt"
"287","ds2ot3x1v6q63xg","75","high",9.99999999999993,0.5,0.00240667188848231,"value_alt"
"288","ds2ot3x1v6q63xg","75","low",5,0.5,0,"value_alt"
"289","dtua0nm03dd9yb7","25","high",5,0.5,0,"value_alt"
"290","dtua0nm03dd9yb7","25","low",0.740740740740758,0.5,0.0312073625578204,"value_alt"
"291","dtua0nm03dd9yb7","50","high",4.44444444444439,0.5,-0.0987484969857062,"value_alt"
"292","dtua0nm03dd9yb7","50","low",0.781893004115882,0.5,0.00274912925331749,"value_alt"
"293","dtua0nm03dd9yb7","75","high",5,0.5,0,"value_alt"
"294","dtua0nm03dd9yb7","75","low",5,0.5,0,"value_alt"
"295","duzv7z4jux5olpv","25","high",5,0.5,0,"value_alt"
"296","duzv7z4jux5olpv","25","low",2.2222222222223,0.166666666666667,-0.0240369986109111,"value_alt"
"297","duzv7z4jux5olpv","50","high",2.44743507873689,0.166666666666667,-0.0450688192693909,"value_alt"
"298","duzv7z4jux5olpv","50","low",2.48698381308377,0.166666666666667,-0.084228276321235,"value_alt"
"299","duzv7z4jux5olpv","75","high",4.33470507539271,0.166666666666667,-0.116212519550724,"value_alt"
"300","duzv7z4jux5olpv","75","low",3.05081217581138,0.166666666666667,-0.149080483969964,"value_alt"
"301","dvywvnh6comawyk","25","high",5,0.5,0,"value_alt"
"302","dvywvnh6comawyk","25","low",1.56378600823043,0.5,0.145455469195656,"value_alt"
"303","dvywvnh6comawyk","50","high",5,0.5,0,"value_alt"
"304","dvywvnh6comawyk","50","low",5,0.5,0,"value_alt"
"305","dvywvnh6comawyk","75","high",9.99999999999994,0.5,-0.00393821214316248,"value_alt"
"306","dvywvnh6comawyk","75","low",3.33333333333333,0.5,-0.0864197530864176,"value_alt"
"307","fehlcunq37bd57x","25","high",1.604938271605,0.5,0.0370370370370328,"value_alt"
"308","fehlcunq37bd57x","25","low",1.16598079561631,0.5,0.0123456790111545,"value_alt"
"309","fehlcunq37bd57x","50","high",1.54383188804452,0.5,-0.14518450921566,"value_alt"
"310","fehlcunq37bd57x","50","low",2.61097657126339,0.5,-0.0617283950618596,"value_alt"
"311","fehlcunq37bd57x","75","high",1.14057816391548,0.5,0.0617283950605483,"value_alt"
"312","fehlcunq37bd57x","75","low",0.956324408473697,0.5,-0.0123456790123051,"value_alt"
"313","fq39wkqs1solhdu","25","high",3.33333333333355,0.5,0.281370616714762,"value_alt"
"314","fq39wkqs1solhdu","25","low",0.681384298938493,0.5,0.597309119945211,"value_alt"
"315","fq39wkqs1solhdu","50","high",5.80246913580167,0.5,-0.228301918742957,"value_alt"
"316","fq39wkqs1solhdu","50","low",5,0.5,0,"value_alt"
"317","fq39wkqs1solhdu","75","high",5,0.5,0,"value_alt"
"318","fq39wkqs1solhdu","75","low",1.61865569273046,0.5,0.259259259259255,"value_alt"
"319","fqnkabfbs65dy5r","25","high",1.87281127939176,0.166666666666667,0.00193983029121925,"value_alt"
"320","fqnkabfbs65dy5r","25","low",2.3456790123459,0.166666666666667,-0.0137529587393608,"value_alt"
"321","fqnkabfbs65dy5r","50","high",1.90218100466914,0.166666666666667,-0.0686074607709105,"value_alt"
"322","fqnkabfbs65dy5r","50","low",2.62826007893455,0.166666666666667,-0.170893604894781,"value_alt"
"323","fqnkabfbs65dy5r","75","high",5,0.5,0,"value_alt"
"324","fqnkabfbs65dy5r","75","low",2.45517502388299,0.166666666666667,-0.153150170640562,"value_alt"
"325","fwexbmobod79xhj","25","high",9.99999999999983,0.166666666666667,0.194251058057033,"value_alt"
"326","fwexbmobod79xhj","25","low",9.99999999999928,0.166666666666667,0.125529318615174,"value_alt"
"327","fwexbmobod79xhj","50","high",6.66675134210571,0.5,-0.138224186692408,"value_alt"
"328","fwexbmobod79xhj","50","low",9.99999999999978,0.5,0.0185021429164649,"value_alt"
"329","fwexbmobod79xhj","75","high",5,0.5,0,"value_alt"
"330","fwexbmobod79xhj","75","low",5,0.5,0,"value_alt"
"331","g35rvb9r3l07tgx","25","high",3.62597165065711,0.388888888888889,-0.123835443430517,"value_alt"
"332","g35rvb9r3l07tgx","25","low",5,0.5,0,"value_alt"
"333","g35rvb9r3l07tgx","50","high",3.45679012345876,0.5,-0.0677597953804857,"value_alt"
"334","g35rvb9r3l07tgx","50","low",5,0.5,0,"value_alt"
"335","g35rvb9r3l07tgx","75","high",2.32688106483526,0.5,-0.000457247370783787,"value_alt"
"336","g35rvb9r3l07tgx","75","low",5,0.5,0,"value_alt"
"337","gg80fe1zyat447z","25","high",0.897330148690184,0.166666666666667,0.249287589949844,"value_alt"
"338","gg80fe1zyat447z","25","low",2.22222222222293,0.166666666666667,0.241859237955204,"value_alt"
"339","gg80fe1zyat447z","50","high",2.73203791501074,0.166666666666667,0.019184772646343,"value_alt"
"340","gg80fe1zyat447z","50","low",2.71604938271612,0.166666666666667,0.0198168367104141,"value_alt"
"341","gg80fe1zyat447z","75","high",4.32098765432077,0.5,-0.0549787219265193,"value_alt"
"342","gg80fe1zyat447z","75","low",2.05761316872421,0.5,0.0237373480809,"value_alt"
"343","ggkxy092ul5l6n0","25","high",5,0.5,0,"value_alt"
"344","ggkxy092ul5l6n0","25","low",0.0617283950617287,0.5,0,"value_alt"
"345","ggkxy092ul5l6n0","50","high",1.03394356103751,0.5,-0.0041152263374632,"value_alt"
"346","ggkxy092ul5l6n0","50","low",0.960219478737973,0.5,0.0370370370370412,"value_alt"
"347","ggkxy092ul5l6n0","75","high",0.852193919814025,0.5,-0.00402866925384959,"value_alt"
"348","ggkxy092ul5l6n0","75","low",5,0.5,0,"value_alt"
"349","ghbypuj01msjo4h","25","high",5,0.5,0,"value_alt"
"350","ghbypuj01msjo4h","25","low",3.45657024608216,0.388888888888889,-0.309943855346573,"value_alt"
"351","ghbypuj01msjo4h","50","high",5,0.5,0,"value_alt"
"352","ghbypuj01msjo4h","50","low",5.90902448373091,0.388888888888889,-0.165461119946085,"value_alt"
"353","ghbypuj01msjo4h","75","high",6.00823045267468,0.5,-0.225328601270272,"value_alt"
"354","ghbypuj01msjo4h","75","low",5,0.5,0,"value_alt"
"355","gnd1v5zo5x7qjad","25","high",3.50029341117269,0.166666666666667,0.0357892687498003,"value_alt"
"356","gnd1v5zo5x7qjad","25","low",5,0.5,0,"value_alt"
"357","gnd1v5zo5x7qjad","50","high",4.18491770836622,0.166666666666667,0.00684676230430337,"value_alt"
"358","gnd1v5zo5x7qjad","50","low",3.41563786008039,0.166666666666667,-0.043935894066217,"value_alt"
"359","gnd1v5zo5x7qjad","75","high",4.51907628716042,0.166666666666667,-0.0389995790852424,"value_alt"
"360","gnd1v5zo5x7qjad","75","low",5,0.5,0,"value_alt"
"361","gs1p8zvs22f3u03","25","high",1.26737128161197,0.166666666666667,0.122276888643774,"value_alt"
"362","gs1p8zvs22f3u03","25","low",5,0.5,0,"value_alt"
"363","gs1p8zvs22f3u03","50","high",1.86854003451761,0.166666666666667,-0.0823661652029973,"value_alt"
"364","gs1p8zvs22f3u03","50","low",0.657627673894161,0.166666666666667,0.217051669856516,"value_alt"
"365","gs1p8zvs22f3u03","75","high",1.70152472288368,0.166666666666667,-0.0331639042456525,"value_alt"
"366","gs1p8zvs22f3u03","75","low",2.34567901234502,0.166666666666667,-0.144032921810831,"value_alt"
"367","gstz99vr89krpfz","25","high",3.56470426489097,0.166666666666667,0.0160300252530587,"value_alt"
"368","gstz99vr89krpfz","25","low",1.13077887576565,0.166666666666667,0.29953326500499,"value_alt"
"369","gstz99vr89krpfz","50","high",2.99087438042029,0.166666666666667,0.00325105676070736,"value_alt"
"370","gstz99vr89krpfz","50","low",2.27809233135318,0.166666666666667,0.0770885885353025,"value_alt"
"371","gstz99vr89krpfz","75","high",4.57057635122796,0.388888888888889,-0.150952976573214,"value_alt"
"372","gstz99vr89krpfz","75","low",3.95061728395059,0.5,-0.0113797510520313,"value_alt"
"373","h9du65sl07e0gv9","25","high",3.54823959767149,0.5,-0.625436015009928,"value_alt"
"374","h9du65sl07e0gv9","25","low",9.99999999994718,0.166666666666667,0.0216343113054154,"value_alt"
"375","h9du65sl07e0gv9","50","high",2.55144032921758,0.5,-0.234567901234524,"value_alt"
"376","h9du65sl07e0gv9","50","low",5,0.5,0,"value_alt"
"377","h9du65sl07e0gv9","75","high",0.760554793494308,0.5,0.00959090469933521,"value_alt"
"378","h9du65sl07e0gv9","75","low",5,0.5,0,"value_alt"
"379","hd4d44n06f6cawh","25","high",1.28987288795663,0.166666666666667,0.0151509350520354,"value_alt"
"380","hd4d44n06f6cawh","25","low",2.96551578068176,0.166666666666667,-0.0288065843620962,"value_alt"
"381","hd4d44n06f6cawh","50","high",5,0.5,0,"value_alt"
"382","hd4d44n06f6cawh","50","low",5,0.5,0,"value_alt"
"383","hd4d44n06f6cawh","75","high",6.66666666666674,0.166666666666667,-0.0254162396662347,"value_alt"
"384","hd4d44n06f6cawh","75","low",5,0.5,0,"value_alt"
"385","hd9k76vgdu5mql0","25","high",5,0.5,0,"value_alt"
"386","hd9k76vgdu5mql0","25","low",2.45210834735619,0.166666666666667,-0.0639399843621345,"value_alt"
"387","hd9k76vgdu5mql0","50","high",2.96296296296299,0.5,-0.0534979423869301,"value_alt"
"388","hd9k76vgdu5mql0","50","low",5,0.5,0,"value_alt"
"389","hd9k76vgdu5mql0","75","high",3.6371488087759,0.166666666666667,-0.113123758796911,"value_alt"
"390","hd9k76vgdu5mql0","75","low",1.97835695776312,0.5,-0.0713588149856205,"value_alt"
"391","hjgqzm1pq2mo1u7","25","high",1.56378600823111,0.5,0.00223444785481308,"value_alt"
"392","hjgqzm1pq2mo1u7","25","low",5,0.5,0,"value_alt"
"393","hjgqzm1pq2mo1u7","50","high",1.33977242989405,0.5,0.0195073395317402,"value_alt"
"394","hjgqzm1pq2mo1u7","50","low",5,0.5,0,"value_alt"
"395","hjgqzm1pq2mo1u7","75","high",2.76932561771073,0.166666666666667,-0.557660294523039,"value_alt"
"396","hjgqzm1pq2mo1u7","75","low",1.55006858710366,0.5,-0.0425240054865751,"value_alt"
"397","hkdemly7qs0y8be","25","high",4.43987197071846,0.166666666666667,0.0192626876062092,"value_alt"
"398","hkdemly7qs0y8be","25","low",2.52400548697435,0.166666666666667,0.00346806134672062,"value_alt"
"399","hkdemly7qs0y8be","50","high",5.5243742026251,0.166666666666667,0.0671795135749775,"value_alt"
"400","hkdemly7qs0y8be","50","low",5,0.5,0,"value_alt"
"401","hkdemly7qs0y8be","75","high",5,0.5,0,"value_alt"
"402","hkdemly7qs0y8be","75","low",3.95061728395084,0.166666666666667,-0.00758337286774546,"value_alt"
"403","hm4cdxlz8t0281v","25","high",1.41577334083788,0.166666666666667,0.0869690708904665,"value_alt"
"404","hm4cdxlz8t0281v","25","low",5,0.5,0,"value_alt"
"405","hm4cdxlz8t0281v","50","high",2.02967934666976,0.166666666666667,0.0274448726972583,"value_alt"
"406","hm4cdxlz8t0281v","50","low",3.78600823044677,0.166666666666667,-0.144749133285991,"value_alt"
"407","hm4cdxlz8t0281v","75","high",5,0.5,0,"value_alt"
"408","hm4cdxlz8t0281v","75","low",3.01843017652069,0.166666666666667,-0.123587561998311,"value_alt"
"409","hmfoy1dyl3p0oyx","25","high",2.60631001371677,0.166666666666667,-0.113448153153533,"value_alt"
"410","hmfoy1dyl3p0oyx","25","low",2.40232300930269,0.166666666666667,-0.033043554368569,"value_alt"
"411","hmfoy1dyl3p0oyx","50","high",4.54392253804281,0.166666666666667,-0.0970464178764953,"value_alt"
"412","hmfoy1dyl3p0oyx","50","low",3.4320318261053,0.166666666666667,-0.176803385899941,"value_alt"
"413","hmfoy1dyl3p0oyx","75","high",3.52864039183821,0.388888888888889,-0.250193442918296,"value_alt"
"414","hmfoy1dyl3p0oyx","75","low",3.54641158812503,0.388888888888889,-0.207212706295459,"value_alt"
"415","hvawyrkxreuq7d8","25","high",6.6666666666647,0.166666666666667,0.136202989153679,"value_alt"
"416","hvawyrkxreuq7d8","25","low",1.21120959867458,0.166666666666667,0.0303825794246464,"value_alt"
"417","hvawyrkxreuq7d8","50","high",2.06086951431211,0.166666666666667,-0.0519491850279191,"value_alt"
"418","hvawyrkxreuq7d8","50","low",2.36728384543441,0.166666666666667,-0.0183275903097629,"value_alt"
"419","hvawyrkxreuq7d8","75","high",9.99999999999991,0.462962962962963,-0.0822617647130037,"value_alt"
"420","hvawyrkxreuq7d8","75","low",4.69135802469128,0.5,-0.081193703476355,"value_alt"
"421","jdewbyn3agn01fj","25","high",5,0.5,0,"value_alt"
"422","jdewbyn3agn01fj","25","low",4.07407407407589,0.166666666666667,0.185851643286994,"value_alt"
"423","jdewbyn3agn01fj","50","high",3.31504343848121,0.5,-0.0814946676571218,"value_alt"
"424","jdewbyn3agn01fj","50","low",2.16569136676025,0.166666666666667,0.0212141903522303,"value_alt"
"425","jdewbyn3agn01fj","75","high",3.33333333333399,0.166666666666667,-0.128980215277082,"value_alt"
"426","jdewbyn3agn01fj","75","low",1.90672153635357,0.5,0.0205761316872286,"value_alt"
"427","je7gumyhw5zyax5","25","high",2.0345478036914,0.166666666666667,-0.00743055176929464,"value_alt"
"428","je7gumyhw5zyax5","25","low",1.20487548177094,0.166666666666667,0.105031319942448,"value_alt"
"429","je7gumyhw5zyax5","50","high",2.49988253718817,0.166666666666667,-0.0436169807219464,"value_alt"
"430","je7gumyhw5zyax5","50","low",5,0.5,0,"value_alt"
"431","je7gumyhw5zyax5","75","high",3.36299527772265,0.166666666666667,-0.137293428255187,"value_alt"
"432","je7gumyhw5zyax5","75","low",3.43684522093283,0.166666666666667,-0.132887781609644,"value_alt"
"433","jk1c41xga9cmsrf","25","high",2.57860929752294,0.166666666666667,-0.0253947040857128,"value_alt"
"434","jk1c41xga9cmsrf","25","low",2.35075953870591,0.166666666666667,-0.0261690356401417,"value_alt"
"435","jk1c41xga9cmsrf","50","high",5,0.5,0,"value_alt"
"436","jk1c41xga9cmsrf","50","low",2.62231298338311,0.166666666666667,-0.0174454689385204,"value_alt"
"437","jk1c41xga9cmsrf","75","high",4.37665147596259,0.166666666666667,-0.033847686701292,"value_alt"
"438","jk1c41xga9cmsrf","75","low",5,0.5,0,"value_alt"
"439","jvcerddevc3rwm0","25","high",3.18061643611212,0.166666666666667,0.0025739423399207,"value_alt"
"440","jvcerddevc3rwm0","25","low",4.33484759501194,0.166666666666667,-0.0126953636460089,"value_alt"
"441","jvcerddevc3rwm0","50","high",5.05732074226978,0.462962962962963,-0.107233826069879,"value_alt"
"442","jvcerddevc3rwm0","50","low",4.82559577534373,0.166666666666667,0.0174935507863652,"value_alt"
"443","jvcerddevc3rwm0","75","high",9.4762091557837,0.166666666666667,0.0101321745014882,"value_alt"
"444","jvcerddevc3rwm0","75","low",5,0.5,0,"value_alt"
"445","k3j8o90rkvw7tal","25","high",1.95250059521341,0.166666666666667,0.101812183712359,"value_alt"
"446","k3j8o90rkvw7tal","25","low",5,0.5,0,"value_alt"
"447","k3j8o90rkvw7tal","50","high",4.19753086419819,0.166666666666667,-0.0822657213025466,"value_alt"
"448","k3j8o90rkvw7tal","50","low",5,0.5,0,"value_alt"
"449","k3j8o90rkvw7tal","75","high",5,0.5,0,"value_alt"
"450","k3j8o90rkvw7tal","75","low",2.90521431401377,0.166666666666667,-0.0714013348790852,"value_alt"
"451","k7xa918wsdj832n","25","high",1.80679897879353,0.166666666666667,0.0631280345113598,"value_alt"
"452","k7xa918wsdj832n","25","low",1.78466504644629,0.166666666666667,0.0659726749740521,"value_alt"
"453","k7xa918wsdj832n","50","high",5,0.5,0,"value_alt"
"454","k7xa918wsdj832n","50","low",5,0.5,0,"value_alt"
"455","k7xa918wsdj832n","75","high",5.32235939643942,0.166666666666667,0.0431407950898277,"value_alt"
"456","k7xa918wsdj832n","75","low",3.53653955818532,0.166666666666667,-0.0572409478346265,"value_alt"
"457","kp5boe0z4uwwu7r","25","high",2.88065843621392,0.5,-0.0771506150011541,"value_alt"
"458","kp5boe0z4uwwu7r","25","low",2.96296296296289,0.5,-0.025721524980416,"value_alt"
"459","kp5boe0z4uwwu7r","50","high",4.44444444444445,0.5,-0.161530563761739,"value_alt"
"460","kp5boe0z4uwwu7r","50","low",7.78006401463192,0.5,-0.152720621856424,"value_alt"
"461","kp5boe0z4uwwu7r","75","high",3.82716049382723,0.5,-0.267591322462187,"value_alt"
"462","kp5boe0z4uwwu7r","75","low",3.25102880658278,0.5,-0.258841527081822,"value_alt"
"463","ktwcurcgfv59jnc","25","high",3.36000552876135,0.166666666666667,-0.393085312529987,"value_alt"
"464","ktwcurcgfv59jnc","25","low",3.64354830237179,0.166666666666667,-0.42068999092095,"value_alt"
"465","ktwcurcgfv59jnc","50","high",5,0.5,0,"value_alt"
"466","ktwcurcgfv59jnc","50","low",3.5274989676656,0.166666666666667,-0.334697904942248,"value_alt"
"467","ktwcurcgfv59jnc","75","high",3.7636055591156,0.388888888888889,-0.260147402787466,"value_alt"
"468","ktwcurcgfv59jnc","75","low",3.32299341814108,0.388888888888889,-0.301581101974191,"value_alt"
"469","kug2nygmmndpth5","25","high",3.26314397668177,0.388888888888889,-0.308748110698635,"value_alt"
"470","kug2nygmmndpth5","25","low",2.79369846102509,0.166666666666667,-0.127260424804818,"value_alt"
"471","kug2nygmmndpth5","50","high",2.45425537711645,0.166666666666667,0.0272122675473672,"value_alt"
"472","kug2nygmmndpth5","50","low",5,0.5,0,"value_alt"
"473","kug2nygmmndpth5","75","high",3.16351548201159,0.166666666666667,-0.201657594639828,"value_alt"
"474","kug2nygmmndpth5","75","low",3.60014016934593,0.388888888888889,-0.320450491197434,"value_alt"
"475","l7kobq2fs7s15go","25","high",2.0089452341807,0.166666666666667,0.0123487996524068,"value_alt"
"476","l7kobq2fs7s15go","25","low",1.54346390284263,0.5,0.0640014611690236,"value_alt"
"477","l7kobq2fs7s15go","50","high",3.08641975308664,0.5,0.00180731447686,"value_alt"
"478","l7kobq2fs7s15go","50","low",2.2222222222222,0.5,-0.0242341106538231,"value_alt"
"479","l7kobq2fs7s15go","75","high",5.3086419753093,0.166666666666667,-0.404762557997416,"value_alt"
"480","l7kobq2fs7s15go","75","low",2.93200000227564,0.166666666666667,-0.124301448791146,"value_alt"
"481","le6z045m543xskj","25","high",1.1764617331635,0.5,0.00211688598667559,"value_alt"
"482","le6z045m543xskj","25","low",0.572575318774683,0.5,-0.0123456790122157,"value_alt"
"483","le6z045m543xskj","50","high",5,0.5,0,"value_alt"
"484","le6z045m543xskj","50","low",0.823045267489639,0.5,-0.00411522633708428,"value_alt"
"485","le6z045m543xskj","75","high",0.823045267489704,0.5,-0.00411522633743377,"value_alt"
"486","le6z045m543xskj","75","low",5,0.5,0,"value_alt"
"487","lnhuzvcq72odm0l","25","high",3.33333333333341,0.166666666666667,0.0845378822898912,"value_alt"
"488","lnhuzvcq72odm0l","25","low",5.55555555556146,0.166666666666667,0.0648763622847899,"value_alt"
"489","lnhuzvcq72odm0l","50","high",5,0.5,0,"value_alt"
"490","lnhuzvcq72odm0l","50","low",5,0.5,0,"value_alt"
"491","lnhuzvcq72odm0l","75","high",9.79350378394675,0.166666666666667,0.0195260865514006,"value_alt"
"492","lnhuzvcq72odm0l","75","low",3.72538061753117,0.388888888888889,-0.243261445060021,"value_alt"
"493","lq01y2l4zvsfb6u","25","high",2.53772290809525,0.166666666666667,-0.0308340827612441,"value_alt"
"494","lq01y2l4zvsfb6u","25","low",1.527849072096,0.166666666666667,0.0542251238550264,"value_alt"
"495","lq01y2l4zvsfb6u","50","high",5,0.5,0,"value_alt"
"496","lq01y2l4zvsfb6u","50","low",5,0.5,0,"value_alt"
"497","lq01y2l4zvsfb6u","75","high",5,0.5,0,"value_alt"
"498","lq01y2l4zvsfb6u","75","low",2.61298519988417,0.166666666666667,-0.31302091511221,"value_alt"
"499","lqk83qqxe3xs6ss","25","high",3.00411522633738,0.5,0.245747568169902,"value_alt"
"500","lqk83qqxe3xs6ss","25","low",4.03292181085892,0.166666666666667,0.0596020992058397,"value_alt"
"501","lqk83qqxe3xs6ss","50","high",3.45792414969565,0.166666666666667,0.0320598944884405,"value_alt"
"502","lqk83qqxe3xs6ss","50","low",1.65675964029939,0.5,0.283950617283907,"value_alt"
"503","lqk83qqxe3xs6ss","75","high",2.96296296296297,0.5,0.00836405168795906,"value_alt"
"504","lqk83qqxe3xs6ss","75","low",2.71604938271583,0.166666666666667,-0.0889289420656882,"value_alt"
"505","lucnd0k3f5h8ez4","25","high",5,0.5,0,"value_alt"
"506","lucnd0k3f5h8ez4","25","low",1.9783973651162,0.166666666666667,-0.0438485327501613,"value_alt"
"507","lucnd0k3f5h8ez4","50","high",5.48624374639102,0.166666666666667,-0.0416657261511021,"value_alt"
"508","lucnd0k3f5h8ez4","50","low",5,0.5,0,"value_alt"
"509","lucnd0k3f5h8ez4","75","high",5.68196656571349,0.166666666666667,-0.0503105091947631,"value_alt"
"510","lucnd0k3f5h8ez4","75","low",5.58548057326784,0.166666666666667,-0.0894124781092037,"value_alt"
"511","m603l2rxt7hfqax","25","high",1.64900712052945,0.166666666666667,0.0782189136563132,"value_alt"
"512","m603l2rxt7hfqax","25","low",1.77504937019477,0.166666666666667,0.0219943521538086,"value_alt"
"513","m603l2rxt7hfqax","50","high",3.0728295967847,0.166666666666667,-0.0793538585066073,"value_alt"
"514","m603l2rxt7hfqax","50","low",5,0.5,0,"value_alt"
"515","m603l2rxt7hfqax","75","high",8.59861204965853,0.166666666666667,-0.00814063811684473,"value_alt"
"516","m603l2rxt7hfqax","75","low",2.99954275262983,0.166666666666667,-0.00749703773567278,"value_alt"
"517","m72afjrfmn9ycnm","25","high",5,0.5,0,"value_alt"
"518","m72afjrfmn9ycnm","25","low",9.87654320987705,0.5,-0.213268277797484,"value_alt"
"519","m72afjrfmn9ycnm","50","high",0.64624295078609,0.5,-0.0215949445257508,"value_alt"
"520","m72afjrfmn9ycnm","50","low",3.33333333333333,0.5,-0.294924554183744,"value_alt"
"521","m72afjrfmn9ycnm","75","high",1.40662839336621,0.5,-0.0370370370370341,"value_alt"
"522","m72afjrfmn9ycnm","75","low",5,0.5,0,"value_alt"
"523","m8fuvpkggx3r7sw","25","high",5,0.5,0,"value_alt"
"524","m8fuvpkggx3r7sw","25","low",1.35802469135802,0.5,0.259665701377312,"value_alt"
"525","m8fuvpkggx3r7sw","50","high",2.4142661179696,0.5,0.0949550373450885,"value_alt"
"526","m8fuvpkggx3r7sw","50","low",5,0.5,0,"value_alt"
"527","m8fuvpkggx3r7sw","75","high",5.0617283950618,0.5,-0.0692734556802629,"value_alt"
"528","m8fuvpkggx3r7sw","75","low",2.66851304380377,0.5,-0.123901025792159,"value_alt"
"529","mdtwfshb8x8v70p","25","high",2.09876543209879,0.5,0.15861396043907,"value_alt"
"530","mdtwfshb8x8v70p","25","low",5,0.5,0,"value_alt"
"531","mdtwfshb8x8v70p","50","high",6.50205761317069,0.5,-0.0485636681780143,"value_alt"
"532","mdtwfshb8x8v70p","50","low",4.36213991769525,0.5,-0.109875939176265,"value_alt"
"533","mdtwfshb8x8v70p","75","high",5,0.5,0,"value_alt"
"534","mdtwfshb8x8v70p","75","low",5.0617283950618,0.5,0.00852320252298933,"value_alt"
"535","mghqo7uxufw84xb","25","high",1.41289437585756,0.5,0.00137174211209001,"value_alt"
"536","mghqo7uxufw84xb","25","low",1.11263526903157,0.5,0.000150591029523861,"value_alt"
"537","mghqo7uxufw84xb","50","high",5,0.5,0,"value_alt"
"538","mghqo7uxufw84xb","50","low",1.50457804431367,0.5,0.00502455098599586,"value_alt"
"539","mghqo7uxufw84xb","75","high",1.36412132296913,0.5,0.0123456790123402,"value_alt"
"540","mghqo7uxufw84xb","75","low",5,0.5,0,"value_alt"
"541","mmjryby874fs60o","25","high",5,0.5,0,"value_alt"
"542","mmjryby874fs60o","25","low",5,0.5,0,"value_alt"
"543","mmjryby874fs60o","50","high",4.73796714634704,0.166666666666667,-0.0095266882547923,"value_alt"
"544","mmjryby874fs60o","50","low",1.35802469135826,0.166666666666667,0.0673400619437572,"value_alt"
"545","mmjryby874fs60o","75","high",4.60732745345329,0.166666666666667,-0.0158819128547546,"value_alt"
"546","mmjryby874fs60o","75","low",3.98907401358424,0.166666666666667,-0.088196419603853,"value_alt"
"547","n56opcxqwcyuk97","25","high",3.57241299216194,0.462962962962963,-0.0823016926190498,"value_alt"
"548","n56opcxqwcyuk97","25","low",5,0.5,0,"value_alt"
"549","n56opcxqwcyuk97","50","high",5,0.5,0,"value_alt"
"550","n56opcxqwcyuk97","50","low",5,0.5,0,"value_alt"
"551","n56opcxqwcyuk97","75","high",5,0.5,0,"value_alt"
"552","n56opcxqwcyuk97","75","low",2.60631001371748,0.5,-0.209876543209878,"value_alt"
"553","np2r7s44c0nxgg5","25","high",7.40740740740544,0.487654320987654,-0.106552398220818,"value_alt"
"554","np2r7s44c0nxgg5","25","low",5,0.5,0,"value_alt"
"555","np2r7s44c0nxgg5","50","high",5.92592592592595,0.5,0.0278422701533776,"value_alt"
"556","np2r7s44c0nxgg5","50","low",5,0.5,0,"value_alt"
"557","np2r7s44c0nxgg5","75","high",6.34964182305218,0.166666666666667,-0.396672125068395,"value_alt"
"558","np2r7s44c0nxgg5","75","low",6.29629629629653,0.5,-0.189404345107846,"value_alt"
"559","nrv57g0kvh6lz31","25","high",3.53909465020554,0.5,-0.00411522633744354,"value_alt"
"560","nrv57g0kvh6lz31","25","low",1.41026866278837,0.166666666666667,0.0530636932833974,"value_alt"
"561","nrv57g0kvh6lz31","50","high",5,0.5,0,"value_alt"
"562","nrv57g0kvh6lz31","50","low",2.12631244216697,0.166666666666667,0.0702547464448173,"value_alt"
"563","nrv57g0kvh6lz31","75","high",4.42496378915055,0.166666666666667,-0.125302154636297,"value_alt"
"564","nrv57g0kvh6lz31","75","low",1.38545953360834,0.5,0.0123456790123413,"value_alt"
"565","nvk3jd25saegh24","25","high",0.781893004115251,0.5,0.00379910468531697,"value_alt"
"566","nvk3jd25saegh24","25","low",0.781893004115105,0.5,-0.00286114704476526,"value_alt"
"567","nvk3jd25saegh24","50","high",0.674808050742976,0.5,-0.000752737679808102,"value_alt"
"568","nvk3jd25saegh24","50","low",0.0617283950617287,0.5,0,"value_alt"
"569","nvk3jd25saegh24","75","high",5,0.5,0,"value_alt"
"570","nvk3jd25saegh24","75","low",5,0.5,0,"value_alt"
"571","oemn8dnelyez9dr","25","high",2.19864481424992,0.166666666666667,0.247908819298491,"value_alt"
"572","oemn8dnelyez9dr","25","low",1.17664990094739,0.5,0.231446168911548,"value_alt"
"573","oemn8dnelyez9dr","50","high",3.49794238682931,0.388888888888889,-0.324752863963187,"value_alt"
"574","oemn8dnelyez9dr","50","low",1.56378600823024,0.5,0.252361033578203,"value_alt"
"575","oemn8dnelyez9dr","75","high",8.51851851851917,0.388888888888889,-0.235366113190765,"value_alt"
"576","oemn8dnelyez9dr","75","low",3.15711336836439,0.166666666666667,-0.0927531257473926,"value_alt"
"577","oeu4jokoabrwtua","25","high",1.33056394701933,0.166666666666667,0.0749600657628955,"value_alt"
"578","oeu4jokoabrwtua","25","low",5,0.5,0,"value_alt"
"579","oeu4jokoabrwtua","50","high",2.67489711933829,0.166666666666667,-0.12400029968663,"value_alt"
"580","oeu4jokoabrwtua","50","low",5,0.5,0,"value_alt"
"581","oeu4jokoabrwtua","75","high",3.64363412930159,0.166666666666667,-0.226088593196044,"value_alt"
"582","oeu4jokoabrwtua","75","low",1.91885834915647,0.5,0.0891632373115161,"value_alt"
"583","p0ptwsbjrbx9q9b","25","high",1.72839506172837,0.5,-0.00763019788531638,"value_alt"
"584","p0ptwsbjrbx9q9b","25","low",5,0.5,0,"value_alt"
"585","p0ptwsbjrbx9q9b","50","high",5,0.5,0,"value_alt"
"586","p0ptwsbjrbx9q9b","50","low",1.85185185185183,0.5,-0.0240308895998275,"value_alt"
"587","p0ptwsbjrbx9q9b","75","high",2.49047401310639,0.5,-0.0635573845449077,"value_alt"
"588","p0ptwsbjrbx9q9b","75","low",2.96304763840201,0.5,-0.275725809638323,"value_alt"
"589","p2sp49zl9919q87","25","high",2.31341302395599,0.166666666666667,0.0514142594961091,"value_alt"
"590","p2sp49zl9919q87","25","low",1.08367626886779,0.166666666666667,0.098519789320519,"value_alt"
"591","p2sp49zl9919q87","50","high",2.33347555778514,0.166666666666667,-0.133198587749447,"value_alt"
"592","p2sp49zl9919q87","50","low",1.96763985551626,0.166666666666667,-0.011181213627111,"value_alt"
"593","p2sp49zl9919q87","75","high",3.16845027522538,0.166666666666667,-0.189531126676622,"value_alt"
"594","p2sp49zl9919q87","75","low",5,0.5,0,"value_alt"
"595","p2v49387cgj37sn","25","high",2.53188038883853,0.166666666666667,0.00616378861676581,"value_alt"
"596","p2v49387cgj37sn","25","low",1.48148148147951,0.166666666666667,0.00669966977493663,"value_alt"
"597","p2v49387cgj37sn","50","high",5,0.5,0,"value_alt"
"598","p2v49387cgj37sn","50","low",1.94405433644132,0.166666666666667,0.0414000355050916,"value_alt"
"599","p2v49387cgj37sn","75","high",5.15991887821916,0.166666666666667,0.0056211612417767,"value_alt"
"600","p2v49387cgj37sn","75","low",4.33105009322313,0.166666666666667,-9.8213700475025e-05,"value_alt"
"601","pjp6ertnjw1vb6j","25","high",2.80445054102294,0.166666666666667,-0.00166834238327496,"value_alt"
"602","pjp6ertnjw1vb6j","25","low",1.30231518295801,0.166666666666667,0.124122206660061,"value_alt"
"603","pjp6ertnjw1vb6j","50","high",3.4150169065263,0.166666666666667,-0.00832625383768315,"value_alt"
"604","pjp6ertnjw1vb6j","50","low",2.41426611796393,0.166666666666667,0.00347589772816703,"value_alt"
"605","pjp6ertnjw1vb6j","75","high",4.374248659393,0.166666666666667,-0.090154557470348,"value_alt"
"606","pjp6ertnjw1vb6j","75","low",2.99850570111543,0.166666666666667,-0.0649450301358051,"value_alt"
"607","pojfe0tpsdoned2","25","high",5,0.5,0,"value_alt"
"608","pojfe0tpsdoned2","25","low",1.24980948027986,0.166666666666667,0.103696389084894,"value_alt"
"609","pojfe0tpsdoned2","50","high",2.81747048145063,0.166666666666667,0.01039065850748,"value_alt"
"610","pojfe0tpsdoned2","50","low",2.34698019546406,0.166666666666667,-0.0336325733149337,"value_alt"
"611","pojfe0tpsdoned2","75","high",3.2868569194336,0.166666666666667,-0.101165217413166,"value_alt"
"612","pojfe0tpsdoned2","75","low",3.72973847804052,0.166666666666667,-0.0843271508051668,"value_alt"
"613","pv8gfb6dwc0u8md","25","high",1.69703970320131,0.166666666666667,0.0651320741066952,"value_alt"
"614","pv8gfb6dwc0u8md","25","low",5,0.5,0,"value_alt"
"615","pv8gfb6dwc0u8md","50","high",2.78414349686084,0.166666666666667,0.0170592010171184,"value_alt"
"616","pv8gfb6dwc0u8md","50","low",5,0.5,0,"value_alt"
"617","pv8gfb6dwc0u8md","75","high",3.25102880658283,0.166666666666667,-0.104140202639263,"value_alt"
"618","pv8gfb6dwc0u8md","75","low",4.22301694098923,0.166666666666667,-0.0385558871840324,"value_alt"
"619","q4o2n439h3o4hux","25","high",1.39462163293073,0.166666666666667,0.0772390125827633,"value_alt"
"620","q4o2n439h3o4hux","25","low",2.23362955643784,0.166666666666667,-0.0222941693721314,"value_alt"
"621","q4o2n439h3o4hux","50","high",5,0.5,0,"value_alt"
"622","q4o2n439h3o4hux","50","low",5,0.5,0,"value_alt"
"623","q4o2n439h3o4hux","75","high",3.14035034166714,0.166666666666667,-0.146284059849146,"value_alt"
"624","q4o2n439h3o4hux","75","low",3.00375699905211,0.166666666666667,-0.149519890260587,"value_alt"
"625","qeaducsgetncgeb","25","high",0.7216040914982,0.5,-0.00137174211208946,"value_alt"
"626","qeaducsgetncgeb","25","low",0.0617283950617287,0.5,0,"value_alt"
"627","qeaducsgetncgeb","50","high",0.737692426369209,0.5,-0.00320073188259062,"value_alt"
"628","qeaducsgetncgeb","50","low",0.370370370370346,0.5,-0.020339040445205,"value_alt"
"629","qeaducsgetncgeb","75","high",5,0.5,0,"value_alt"
"630","qeaducsgetncgeb","75","low",0.676726108830775,0.5,-0.00240290079620598,"value_alt"
"631","qreecv8wv03uqw8","25","high",2.8931443748624,0.166666666666667,0.0119367357465701,"value_alt"
"632","qreecv8wv03uqw8","25","low",1.20054495772545,0.166666666666667,0.119341563754142,"value_alt"
"633","qreecv8wv03uqw8","50","high",5,0.5,0,"value_alt"
"634","qreecv8wv03uqw8","50","low",5,0.5,0,"value_alt"
"635","qreecv8wv03uqw8","75","high",3.8659234110185,0.166666666666667,-0.0760782995139954,"value_alt"
"636","qreecv8wv03uqw8","75","low",3.67909877118997,0.388888888888889,-0.255098609400745,"value_alt"
"637","qw7q50m2o58ugvl","25","high",5,0.5,0,"value_alt"
"638","qw7q50m2o58ugvl","25","low",1.97530864197553,0.5,0.00411522633743777,"value_alt"
"639","qw7q50m2o58ugvl","50","high",2.22222222222216,0.5,-0.0123281166274181,"value_alt"
"640","qw7q50m2o58ugvl","50","low",1.48148148148154,0.5,0.00960219478736923,"value_alt"
"641","qw7q50m2o58ugvl","75","high",1.80074552035425,0.5,0.0630480774256106,"value_alt"
"642","qw7q50m2o58ugvl","75","low",5,0.5,0,"value_alt"
"643","r018cukle69r1bf","25","high",2.10348628463994,0.166666666666667,0.032971136949858,"value_alt"
"644","r018cukle69r1bf","25","low",1.70612318424216,0.166666666666667,0.0500611159022708,"value_alt"
"645","r018cukle69r1bf","50","high",3.63416702163532,0.166666666666667,-0.0726937030942624,"value_alt"
"646","r018cukle69r1bf","50","low",2.7262355287575,0.166666666666667,-0.0534979423872246,"value_alt"
"647","r018cukle69r1bf","75","high",4.44444444444442,0.462962962962963,-0.106207134736748,"value_alt"
"648","r018cukle69r1bf","75","low",2.62155159275047,0.5,0.000355636843584195,"value_alt"
"649","re53t0m5rdemzxb","25","high",1.59305443899728,0.5,0.0726007214453916,"value_alt"
"650","re53t0m5rdemzxb","25","low",5,0.5,0,"value_alt"
"651","re53t0m5rdemzxb","50","high",2.7287695158146,0.5,-0.263267648225131,"value_alt"
"652","re53t0m5rdemzxb","50","low",1.58777738225439,0.5,-0.012345679012332,"value_alt"
"653","re53t0m5rdemzxb","75","high",2.2222222222223,0.5,0.00411522633744488,"value_alt"
"654","re53t0m5rdemzxb","75","low",0.964791952387918,0.5,-0.0123456790123321,"value_alt"
"655","regcubm60dchcxr","25","high",1.23456790123458,0.5,0.00379910460504163,"value_alt"
"656","regcubm60dchcxr","25","low",0.740740740740765,0.5,0.0117972903470334,"value_alt"
"657","regcubm60dchcxr","50","high",1.18681095359709,0.5,0.0126843807744155,"value_alt"
"658","regcubm60dchcxr","50","low",0.740740740740765,0.5,0.00411522633695838,"value_alt"
"659","regcubm60dchcxr","75","high",0.570811795655944,0.5,0.00633008395749135,"value_alt"
"660","regcubm60dchcxr","75","low",1.27572016460913,0.5,-0.120256058527678,"value_alt"
"661","rf8fvjnsk6r07uc","25","high",2.52823925893826,0.166666666666667,0.00974269350254353,"value_alt"
"662","rf8fvjnsk6r07uc","25","low",5,0.5,0,"value_alt"
"663","rf8fvjnsk6r07uc","50","high",5,0.5,0,"value_alt"
"664","rf8fvjnsk6r07uc","50","low",3.71173696064726,0.166666666666667,-0.0581019348204892,"value_alt"
"665","rf8fvjnsk6r07uc","75","high",4.25240054869697,0.5,-0.0727023319617224,"value_alt"
"666","rf8fvjnsk6r07uc","75","low",4.3650229479732,0.166666666666667,-0.111060166464247,"value_alt"
"667","rn0an20lmaomk57","25","high",2.49111011352147,0.166666666666667,0.00656296213595486,"value_alt"
"668","rn0an20lmaomk57","25","low",1.85185185185251,0.166666666666667,0.0505983105656485,"value_alt"
"669","rn0an20lmaomk57","50","high",3.50251486048513,0.166666666666667,-0.0487912741983173,"value_alt"
"670","rn0an20lmaomk57","50","low",3.89750534076684,0.166666666666667,0.000779153423413614,"value_alt"
"671","rn0an20lmaomk57","75","high",5.8024691358024,0.5,-0.0078447089765491,"value_alt"
"672","rn0an20lmaomk57","75","low",3.10318443603706,0.166666666666667,-0.138392422587959,"value_alt"
"673","rxol1dxl6nen4em","25","high",2.79835390946485,0.5,-0.00313256477922286,"value_alt"
"674","rxol1dxl6nen4em","25","low",1.15683584819409,0.5,0.000457247370784453,"value_alt"
"675","rxol1dxl6nen4em","50","high",1.97530864197538,0.5,0.0768683635610228,"value_alt"
"676","rxol1dxl6nen4em","50","low",1.60493827160496,0.5,0.00137174211247859,"value_alt"
"677","rxol1dxl6nen4em","75","high",2.71604938271607,0.5,0.101661332113935,"value_alt"
"678","rxol1dxl6nen4em","75","low",5,0.5,0,"value_alt"
"679","ryf84f70g5thl4l","25","high",2.96296296296299,0.5,0.010859618358396,"value_alt"
"680","ryf84f70g5thl4l","25","low",0.987654320987824,0.5,0.00289590001411999,"value_alt"
"681","ryf84f70g5thl4l","50","high",2.13991769547128,0.5,0.00717925483650483,"value_alt"
"682","ryf84f70g5thl4l","50","low",2.46913580246926,0.5,-0.144032921810743,"value_alt"
"683","ryf84f70g5thl4l","75","high",1.42474893731734,0.5,0.0699588477366686,"value_alt"
"684","ryf84f70g5thl4l","75","low",1.27572016460918,0.5,0.0288065843620966,"value_alt"
"685","s79rv87vd0ov68q","25","high",0.753442056438169,0.5,-0.000457247370696745,"value_alt"
"686","s79rv87vd0ov68q","25","low",5,0.5,0,"value_alt"
"687","s79rv87vd0ov68q","50","high",6.37860082306166,0.166666666666667,-0.350875352495813,"value_alt"
"688","s79rv87vd0ov68q","50","low",5,0.5,0,"value_alt"
"689","s79rv87vd0ov68q","75","high",0.823045267490805,0.5,-0.0370370370370422,"value_alt"
"690","s79rv87vd0ov68q","75","low",1.99512269472829,0.5,-0.209876543213417,"value_alt"
"691","s7enbyv4of56b3e","25","high",0.746329319711624,0.5,-0.00187789785707859,"value_alt"
"692","s7enbyv4of56b3e","25","low",0.528374739609258,0.5,-5.08052538522596e-05,"value_alt"
"693","s7enbyv4of56b3e","50","high",0.63303358230863,0.5,-0.00089755965738747,"value_alt"
"694","s7enbyv4of56b3e","50","low",3.33333333333329,0.5,-0.289200494500217,"value_alt"
"695","s7enbyv4of56b3e","75","high",0.819752333227477,0.5,-0.0041152263374058,"value_alt"
"696","s7enbyv4of56b3e","75","low",1.01102578753908,0.5,-0.0617284647534477,"value_alt"
"697","sh3z56uk3q0ddzd","25","high",3.45679012345677,0.5,-0.0119276469594446,"value_alt"
"698","sh3z56uk3q0ddzd","25","low",1.48148148148147,0.5,-0.0118147907176192,"value_alt"
"699","sh3z56uk3q0ddzd","50","high",4.20920364642873,0.166666666666667,-0.179726828866622,"value_alt"
"700","sh3z56uk3q0ddzd","50","low",2.01646090534982,0.5,0.0041152263373081,"value_alt"
"701","sh3z56uk3q0ddzd","75","high",5,0.5,0,"value_alt"
"702","sh3z56uk3q0ddzd","75","low",3.23873902033096,0.166666666666667,-0.412519886048951,"value_alt"
"703","ssbsk72ruz2tdg1","25","high",0.717878372199627,0.5,0.0451997493603364,"value_alt"
"704","ssbsk72ruz2tdg1","25","low",5,0.5,0,"value_alt"
"705","ssbsk72ruz2tdg1","50","high",0.754458163653631,0.5,0.0260631001193836,"value_alt"
"706","ssbsk72ruz2tdg1","50","low",1.53635116598539,0.5,0.0864197530853272,"value_alt"
"707","ssbsk72ruz2tdg1","75","high",0.882656780877204,0.5,0.00960211483468432,"value_alt"
"708","ssbsk72ruz2tdg1","75","low",0.0617283950617287,0.5,-0.00142857757380743,"value_alt"
"709","swmufx7egboodpe","25","high",5,0.5,0,"value_alt"
"710","swmufx7egboodpe","25","low",9.75308641973538,0.166666666666667,0.0120263231588802,"value_alt"
"711","swmufx7egboodpe","50","high",9.99999999999978,0.166666666666667,0.0207667076271378,"value_alt"
"712","swmufx7egboodpe","50","low",8.2716049382775,0.166666666666667,0.00899068035035611,"value_alt"
"713","swmufx7egboodpe","75","high",9.99999999999993,0.166666666666667,-0.00813080919521636,"value_alt"
"714","swmufx7egboodpe","75","low",9.99999999999983,0.166666666666667,0.00133879342098764,"value_alt"
"715","t53tjn7r8ydtmtq","25","high",5,0.5,0,"value_alt"
"716","t53tjn7r8ydtmtq","25","low",7.77777777783089,0.166666666666667,0.0495123476823089,"value_alt"
"717","t53tjn7r8ydtmtq","50","high",9.01234567901825,0.166666666666667,-0.00819399673809373,"value_alt"
"718","t53tjn7r8ydtmtq","50","low",1.11111111111112,0.5,0.0699588477366109,"value_alt"
"719","t53tjn7r8ydtmtq","75","high",5,0.5,0,"value_alt"
"720","t53tjn7r8ydtmtq","75","low",0.807669775679945,0.5,0.147800457020572,"value_alt"
"721","tk2emgkdo0xmkfn","25","high",4.7240427445334,0.166666666666667,0.0147485820990976,"value_alt"
"722","tk2emgkdo0xmkfn","25","low",5,0.5,0,"value_alt"
"723","tk2emgkdo0xmkfn","50","high",5,0.5,0,"value_alt"
"724","tk2emgkdo0xmkfn","50","low",5,0.5,0,"value_alt"
"725","tk2emgkdo0xmkfn","75","high",4.35157308282337,0.388888888888889,-0.280825178556832,"value_alt"
"726","tk2emgkdo0xmkfn","75","low",5,0.5,0,"value_alt"
"727","u22e26jm4cy25av","25","high",3.80661783997692,0.462962962962963,-0.0869691449554829,"value_alt"
"728","u22e26jm4cy25av","25","low",3.70370370370363,0.487654320987654,-0.0370370370370366,"value_alt"
"729","u22e26jm4cy25av","50","high",4.51303155008629,0.462962962962963,-0.0760260639079599,"value_alt"
"730","u22e26jm4cy25av","50","low",3.88660265198164,0.166666666666667,-0.0769276402415567,"value_alt"
"731","u22e26jm4cy25av","75","high",5.84362139917686,0.5,-0.0771116720770055,"value_alt"
"732","u22e26jm4cy25av","75","low",5.16879577955618,0.388888888888889,-0.131956817252034,"value_alt"
"733","u556z6wn629kwu5","25","high",1.16433115389516,0.5,0.156457306004793,"value_alt"
"734","u556z6wn629kwu5","25","low",1.09874849702866,0.5,0.00118928673744656,"value_alt"
"735","u556z6wn629kwu5","50","high",1.23456790123391,0.5,0.0699588477374555,"value_alt"
"736","u556z6wn629kwu5","50","low",1.1659807956105,0.5,0.0672153635116555,"value_alt"
"737","u556z6wn629kwu5","75","high",1.67773335611124,0.5,-0.0205761316872293,"value_alt"
"738","u556z6wn629kwu5","75","low",0.938203864352958,0.5,0.0123456790127388,"value_alt"
"739","u5kwzdtotz39jwp","25","high",2.57887517146711,0.5,-0.000801802453911038,"value_alt"
"740","u5kwzdtotz39jwp","25","low",1.27572016460903,0.5,-0.00124531356876578,"value_alt"
"741","u5kwzdtotz39jwp","50","high",1.48148148148151,0.5,0.0123456790123462,"value_alt"
"742","u5kwzdtotz39jwp","50","low",1.27572016460908,0.5,0.0531931108062358,"value_alt"
"743","u5kwzdtotz39jwp","75","high",2.24102016969024,0.5,-0.20987654320992,"value_alt"
"744","u5kwzdtotz39jwp","75","low",2.0301783264744,0.5,-0.111111111111106,"value_alt"
"745","uaf4fed1xj02ps4","25","high",1.9753086419748,0.166666666666667,-0.070231845688471,"value_alt"
"746","uaf4fed1xj02ps4","25","low",1.14724398326801,0.166666666666667,0.0302921717699862,"value_alt"
"747","uaf4fed1xj02ps4","50","high",2.19907400147853,0.166666666666667,-0.0994423469086754,"value_alt"
"748","uaf4fed1xj02ps4","50","low",1.70715840741195,0.166666666666667,0.0245334218663287,"value_alt"
"749","uaf4fed1xj02ps4","75","high",2.84243114720761,0.166666666666667,-0.168226945099265,"value_alt"
"750","uaf4fed1xj02ps4","75","low",5,0.5,0,"value_alt"
"751","ug2w7q3f6pgxf6e","25","high",1.2071330589318,0.166666666666667,0.0655127869363079,"value_alt"
"752","ug2w7q3f6pgxf6e","25","low",0.630174660138493,0.166666666666667,0.239629324301589,"value_alt"
"753","ug2w7q3f6pgxf6e","50","high",1.69940264858696,0.166666666666667,0.118630545634359,"value_alt"
"754","ug2w7q3f6pgxf6e","50","low",1.54063293487816,0.166666666666667,0.0022563580351409,"value_alt"
"755","ug2w7q3f6pgxf6e","75","high",3.05274315267306,0.166666666666667,-0.094147731045789,"value_alt"
"756","ug2w7q3f6pgxf6e","75","low",2.56362462285778,0.166666666666667,-0.0705181082975711,"value_alt"
"757","unp160hltucmgwb","25","high",1.94718915506597,0.166666666666667,-0.00082981921409564,"value_alt"
"758","unp160hltucmgwb","25","low",1.48148148148112,0.166666666666667,0.031241816950742,"value_alt"
"759","unp160hltucmgwb","50","high",4.55800363235593,0.166666666666667,-0.0225007465266563,"value_alt"
"760","unp160hltucmgwb","50","low",5,0.5,0,"value_alt"
"761","unp160hltucmgwb","75","high",4.54503886603242,0.5,-0.172725345952907,"value_alt"
"762","unp160hltucmgwb","75","low",5,0.5,0,"value_alt"
"763","v2rgepeoz23lhyb","25","high",1.93172901649299,0.166666666666667,0.0660150701031739,"value_alt"
"764","v2rgepeoz23lhyb","25","low",0.529769997958644,0.166666666666667,0.195364318426065,"value_alt"
"765","v2rgepeoz23lhyb","50","high",4.81481481481484,0.5,0.0263438778156444,"value_alt"
"766","v2rgepeoz23lhyb","50","low",2.26837328193103,0.166666666666667,-0.0265192737392885,"value_alt"
"767","v2rgepeoz23lhyb","75","high",3.69092057719369,0.388888888888889,-0.271812524952271,"value_alt"
"768","v2rgepeoz23lhyb","75","low",5,0.5,0,"value_alt"
"769","vnoz56ecccya7hk","25","high",2.96296296296299,0.5,-0.0536170197234973,"value_alt"
"770","vnoz56ecccya7hk","25","low",2.3456790123457,0.5,0.00960219478729796,"value_alt"
"771","vnoz56ecccya7hk","50","high",2.22222222222221,0.5,-0.0617283950616846,"value_alt"
"772","vnoz56ecccya7hk","50","low",3.07879896357838,0.5,-0.200238697257518,"value_alt"
"773","vnoz56ecccya7hk","75","high",1.9753086419753,0.5,-0.0530915002664465,"value_alt"
"774","vnoz56ecccya7hk","75","low",1.66842603394725,0.5,-0.0754458161865131,"value_alt"
"775","wey1upork0e0epr","25","high",0.740740740740814,0.5,0.00785573416170449,"value_alt"
"776","wey1upork0e0epr","25","low",0.0617283950617287,0.5,-0.0042857155136159,"value_alt"
"777","wey1upork0e0epr","50","high",0.54869684499323,0.5,-0.0205761316872607,"value_alt"
"778","wey1upork0e0epr","50","low",0.514956294740972,0.5,-0.00137174211209379,"value_alt"
"779","wey1upork0e0epr","75","high",5,0.5,0,"value_alt"
"780","wey1upork0e0epr","75","low",0.370370370370363,0.5,-0.0285017527815443,"value_alt"
"781","wf4mq2s0e98ce4z","25","high",1.84479010608032,0.166666666666667,-0.001170630367204,"value_alt"
"782","wf4mq2s0e98ce4z","25","low",5,0.5,0,"value_alt"
"783","wf4mq2s0e98ce4z","50","high",5.13619357132144,0.166666666666667,-0.028344314025226,"value_alt"
"784","wf4mq2s0e98ce4z","50","low",2.19606493673768,0.166666666666667,-0.0195999752609883,"value_alt"
"785","wf4mq2s0e98ce4z","75","high",2.855035488327,0.166666666666667,-0.206711208697988,"value_alt"
"786","wf4mq2s0e98ce4z","75","low",5.18518518518525,0.166666666666667,-0.0364237576712751,"value_alt"
"787","ws44qtt9xen2xsl","25","high",5,0.5,0,"value_alt"
"788","ws44qtt9xen2xsl","25","low",2.79087811840114,0.462962962962963,-0.0591346320717541,"value_alt"
"789","ws44qtt9xen2xsl","50","high",1.44032921810683,0.5,0.0470964791952779,"value_alt"
"790","ws44qtt9xen2xsl","50","low",2.55144032921808,0.5,-0.176954732510215,"value_alt"
"791","ws44qtt9xen2xsl","75","high",1.30315500685864,0.5,0.0946502057613898,"value_alt"
"792","ws44qtt9xen2xsl","75","low",1.36565175323825,0.5,0.00411522633743444,"value_alt"
"793","wwv18727elhq22u","25","high",9.99999999999804,0.5,0.000937152270372055,"value_alt"
"794","wwv18727elhq22u","25","low",7.77846102765102,0.166666666666667,0.00116151316922242,"value_alt"
"795","wwv18727elhq22u","50","high",9.91769547324906,0.5,0.00582681451981371,"value_alt"
"796","wwv18727elhq22u","50","low",9.99999999999935,0.5,-0.00114525234162888,"value_alt"
"797","wwv18727elhq22u","75","high",9.99999999999978,0.5,0.0207714260231726,"value_alt"
"798","wwv18727elhq22u","75","low",9.99999999999978,0.166666666666667,-0.00325995148222047,"value_alt"
"799","x0nfe7hwu2yt5az","25","high",0.0617283950617287,0.5,-0.00285714692611216,"value_alt"
"800","x0nfe7hwu2yt5az","25","low",0.49382716049361,0.5,0.0150891632373551,"value_alt"
"801","x0nfe7hwu2yt5az","50","high",0.62601492906141,0.5,0.000163705901925493,"value_alt"
"802","x0nfe7hwu2yt5az","50","low",0.0617283950617287,0.5,0.00107142328588794,"value_alt"
"803","x0nfe7hwu2yt5az","75","high",5,0.5,0,"value_alt"
"804","x0nfe7hwu2yt5az","75","low",0.0617283950617287,0.5,-0.00035714516712726,"value_alt"
"805","x0ztn8ulz4wsjnf","25","high",3.70370370370378,0.166666666666667,0.0381157332122832,"value_alt"
"806","x0ztn8ulz4wsjnf","25","low",2.47501222115282,0.166666666666667,-0.0361347331833985,"value_alt"
"807","x0ztn8ulz4wsjnf","50","high",5,0.5,0,"value_alt"
"808","x0ztn8ulz4wsjnf","50","low",4.11045466157573,0.166666666666667,0.00257763800865396,"value_alt"
"809","x0ztn8ulz4wsjnf","75","high",5,0.5,0,"value_alt"
"810","x0ztn8ulz4wsjnf","75","low",5.33110079868113,0.166666666666667,-0.0633607996917273,"value_alt"
"811","x31a150jh7x0sc3","25","high",1.53025453436995,0.5,0.102880658436171,"value_alt"
"812","x31a150jh7x0sc3","25","low",0.640577285007765,0.166666666666667,0.276014744616642,"value_alt"
"813","x31a150jh7x0sc3","50","high",0.604366715187676,0.166666666666667,0.160968053503823,"value_alt"
"814","x31a150jh7x0sc3","50","low",3.94283941704489,0.166666666666667,-0.618188487186593,"value_alt"
"815","x31a150jh7x0sc3","75","high",5,0.5,0,"value_alt"
"816","x31a150jh7x0sc3","75","low",1.28943758573395,0.5,0.111111111111097,"value_alt"
"817","x6cu75oy88jq32r","25","high",2.3456790123459,0.5,0.0531931108061194,"value_alt"
"818","x6cu75oy88jq32r","25","low",2.38300345803342,0.166666666666667,-0.0474168210552072,"value_alt"
"819","x6cu75oy88jq32r","50","high",2.49566640322839,0.166666666666667,0.00956454835304266,"value_alt"
"820","x6cu75oy88jq32r","50","low",3.67368692521577,0.166666666666667,-0.361741962490786,"value_alt"
"821","x6cu75oy88jq32r","75","high",4.10887583437777,0.166666666666667,-0.399863317502549,"value_alt"
"822","x6cu75oy88jq32r","75","low",3.81127417856813,0.166666666666667,-0.397790359966682,"value_alt"
"823","y71fvh7ol8vycb2","25","high",5,0.5,0,"value_alt"
"824","y71fvh7ol8vycb2","25","low",5,0.5,0,"value_alt"
"825","y71fvh7ol8vycb2","50","high",6.25514403291985,0.166666666666667,0.0034574750524019,"value_alt"
"826","y71fvh7ol8vycb2","50","low",6.18655692727997,0.166666666666667,0.00086924788766396,"value_alt"
"827","y71fvh7ol8vycb2","75","high",9.99999999999993,0.166666666666667,-0.00600570141196544,"value_alt"
"828","y71fvh7ol8vycb2","75","low",3.99176954732532,0.5,-0.0215922369564027,"value_alt"
"829","zdzld8scpb2ydmo","25","high",1.29417941031434,0.5,0.222485124690383,"value_alt"
"830","zdzld8scpb2ydmo","25","low",0.99247965852841,0.5,0.0121116774492533,"value_alt"
"831","zdzld8scpb2ydmo","50","high",1.3236464632269,0.5,0.00550390353656982,"value_alt"
"832","zdzld8scpb2ydmo","50","low",0.771731951436555,0.5,0.0123456790123446,"value_alt"
"833","zdzld8scpb2ydmo","75","high",1.29401005944238,0.5,0.0178326474622696,"value_alt"
"834","zdzld8scpb2ydmo","75","low",5,0.5,0,"value_alt"
"835","zqr31esvemh6qkz","25","high",7.77777777777581,0.166666666666667,0.280153589888785,"value_alt"
"836","zqr31esvemh6qkz","25","low",9.99999999999954,0.388888888888889,0.392738407783283,"value_alt"
"837","zqr31esvemh6qkz","50","high",5,0.5,0,"value_alt"
"838","zqr31esvemh6qkz","50","low",4.44444444444447,0.5,-0.160493827160508,"value_alt"
"839","zqr31esvemh6qkz","75","high",2.75562033933282,0.5,-0.250114311841585,"value_alt"
"840","zqr31esvemh6qkz","75","low",5,0.5,0,"value_alt"
